orderHistoryID,orderID,quantity,productID
1,980,2,47
2,522,5,12
3,690,7,15
4,630,8,58
5,723,9,21
6,397,1,70
7,888,7,78
8,100,7,54
9,95,2,65
10,604,10,92
11,722,10,25
12,974,6,56
13,141,5,37
14,531,7,75
15,412,7,75
16,831,6,37
17,209,10,4
18,285,1,4
19,315,7,98
20,763,1,94
21,638,3,24
22,450,5,40
23,129,2,5
24,748,3,65
25,97,2,8
26,533,9,31
27,862,8,4
28,572,6,50
29,491,4,98
30,483,8,52
31,665,8,42
32,186,6,98
33,38,1,74
34,105,7,19
35,309,5,45
36,99,6,9
37,670,6,72
38,559,6,85
39,135,3,20
40,92,9,65
41,791,7,55
42,84,4,71
43,292,4,39
44,908,6,29
45,857,8,74
46,239,10,58
47,90,6,90
48,421,8,58
49,886,9,21
50,124,2,67
51,840,10,73
52,683,4,68
53,973,2,96
54,726,5,13
55,731,8,68
56,986,7,86
57,460,2,99
58,607,6,50
59,858,7,60
60,919,8,40
61,37,1,23
62,937,3,65
63,512,10,28
64,776,10,24
65,720,3,32
66,112,1,35
67,278,10,5
68,506,3,61
69,581,4,58
70,506,7,31
71,318,2,80
72,491,3,18
73,649,1,2
74,36,7,2
75,929,2,11
76,187,3,72
77,577,8,34
78,733,7,51
79,289,5,40
80,302,2,15
81,393,5,1
82,128,10,10
83,249,10,23
84,212,1,53
85,901,6,58
86,724,2,5
87,520,2,90
88,96,3,63
89,288,8,83
90,972,2,23
91,86,9,85
92,430,10,55
93,519,1,48
94,289,3,7
95,12,4,87
96,148,9,22
97,959,1,98
98,657,6,78
99,741,1,38
100,806,6,61
101,305,5,49
102,638,4,13
103,940,10,97
104,705,6,75
105,535,3,63
106,888,2,73
107,763,3,39
108,983,8,9
109,158,8,48
110,823,3,63
111,20,5,82
112,390,6,57
113,942,4,82
114,485,1,86
115,345,3,66
116,511,10,65
117,450,7,57
118,290,6,62
119,412,3,87
120,583,2,60
121,875,4,18
122,619,2,65
123,551,3,71
124,179,4,24
125,688,10,57
126,513,8,65
127,695,1,89
128,395,9,32
129,929,8,50
130,612,4,16
131,953,10,77
132,644,10,40
133,555,7,93
134,117,1,91
135,705,9,98
136,699,2,10
137,333,7,24
138,91,9,88
139,642,3,75
140,291,8,24
141,981,4,61
142,630,5,53
143,336,6,30
144,849,3,8
145,549,6,15
146,13,4,19
147,85,7,63
148,634,3,52
149,653,10,63
150,312,2,87
151,188,5,5
152,471,8,75
153,955,8,10
154,591,2,31
155,872,6,55
156,570,1,55
157,217,10,22
158,706,1,64
159,108,4,3
160,829,5,64
161,468,6,19
162,767,2,96
163,706,8,62
164,623,2,44
165,161,10,76
166,962,9,48
167,505,2,25
168,417,2,35
169,294,9,53
170,995,5,74
171,356,6,31
172,575,6,18
173,979,1,81
174,845,9,85
175,604,8,93
176,440,10,53
177,921,3,63
178,190,10,9
179,616,4,13
180,396,1,79
181,688,1,17
182,153,2,44
183,30,3,11
184,838,6,68
185,446,4,32
186,468,4,55
187,677,6,86
188,448,4,79
189,565,1,28
190,801,10,69
191,73,2,4
192,374,4,64
193,848,1,69
194,967,3,53
195,351,6,54
196,734,5,35
197,456,2,13
198,802,7,94
199,155,1,21
200,551,6,90
201,312,8,32
202,625,8,35
203,826,3,52
204,184,9,61
205,662,10,51
206,530,1,23
207,310,5,16
208,597,9,43
209,990,9,62
210,197,2,88
211,452,9,73
212,313,6,77
213,354,6,58
214,855,9,35
215,332,6,84
216,218,6,16
217,361,3,99
218,952,3,72
219,176,10,84
220,903,2,69
221,933,7,39
222,728,4,85
223,550,2,41
224,692,7,30
225,12,6,10
226,994,2,99
227,765,6,93
228,809,4,47
229,15,3,83
230,214,1,84
231,765,9,51
232,45,8,26
233,87,3,88
234,443,5,96
235,364,1,8
236,68,8,22
237,917,7,62
238,364,3,35
239,473,10,94
240,921,8,56
241,291,7,57
242,877,5,37
243,71,7,32
244,943,5,47
245,330,4,80
246,365,2,72
247,768,7,6
248,37,7,39
249,677,2,96
250,766,7,73
251,638,2,88
252,463,7,94
253,207,9,33
254,677,2,7
255,429,4,78
256,271,4,31
257,607,7,87
258,92,9,62
259,433,7,29
260,912,2,97
261,816,9,74
262,501,8,47
263,427,1,90
264,946,8,90
265,25,9,58
266,444,8,17
267,802,10,88
268,785,10,41
269,648,2,48
270,788,7,67
271,978,5,36
272,15,4,99
273,913,6,62
274,441,6,100
275,411,5,24
276,452,2,23
277,759,8,94
278,200,10,22
279,676,7,65
280,801,9,53
281,402,3,63
282,924,1,25
283,799,7,90
284,415,6,78
285,89,9,56
286,146,8,44
287,808,5,58
288,779,5,52
289,104,2,90
290,294,9,11
291,619,3,26
292,237,2,68
293,357,2,52
294,943,8,100
295,560,3,42
296,689,4,43
297,239,6,48
298,285,2,72
299,56,10,9
300,964,1,98
301,595,4,18
302,901,7,42
303,584,8,52
304,529,3,44
305,768,9,13
306,540,9,17
307,378,10,30
308,854,10,34
309,343,6,39
310,419,10,56
311,895,7,40
312,372,7,14
313,969,9,50
314,944,5,60
315,781,7,65
316,355,10,39
317,939,9,67
318,989,2,66
319,502,4,45
320,966,8,77
321,714,8,51
322,243,7,35
323,571,3,83
324,695,8,45
325,6,6,22
326,827,5,27
327,908,5,1
328,844,2,88
329,954,1,63
330,119,2,2
331,96,3,40
332,635,6,63
333,588,1,76
334,625,9,72
335,938,9,77
336,282,5,61
337,862,1,85
338,665,7,98
339,6,4,49
340,677,1,32
341,918,6,1
342,689,7,17
343,930,3,59
344,810,2,62
345,917,2,87
346,300,10,50
347,316,8,73
348,322,2,22
349,656,10,4
350,153,6,71
351,295,10,62
352,605,3,30
353,240,4,83
354,51,9,28
355,16,8,9
356,449,4,24
357,361,3,27
358,841,6,58
359,599,4,71
360,396,2,11
361,92,2,66
362,516,9,56
363,770,7,75
364,246,5,60
365,629,10,21
366,173,8,3
367,275,5,16
368,166,6,29
369,759,3,77
370,731,4,72
371,128,1,44
372,610,4,52
373,91,4,50
374,690,10,76
375,259,1,45
376,710,9,51
377,744,9,83
378,916,8,74
379,501,9,41
380,557,1,50
381,287,2,36
382,842,3,32
383,127,5,95
384,807,1,32
385,18,6,70
386,684,10,98
387,459,4,56
388,863,7,90
389,173,3,41
390,144,10,76
391,25,2,85
392,346,1,88
393,859,2,45
394,504,7,53
395,325,9,25
396,251,8,97
397,189,9,39
398,134,6,40
399,261,1,97
400,22,9,24
401,651,1,93
402,504,4,9
403,490,8,69
404,787,5,53
405,234,3,11
406,393,9,53
407,681,2,99
408,422,8,32
409,134,3,42
410,492,10,43
411,469,4,88
412,37,9,89
413,37,10,98
414,631,3,91
415,193,10,32
416,813,7,86
417,949,6,93
418,770,10,61
419,328,7,74
420,622,3,51
421,630,2,35
422,159,1,62
423,963,10,35
424,167,2,89
425,49,5,29
426,497,8,35
427,431,6,33
428,246,4,14
429,892,5,91
430,28,1,54
431,943,3,30
432,255,3,9
433,789,3,66
434,362,1,65
435,312,2,55
436,69,10,83
437,724,4,26
438,623,8,93
439,62,1,1
440,394,3,100
441,883,3,44
442,199,5,61
443,328,4,37
444,17,10,50
445,101,10,62
446,939,6,7
447,591,6,26
448,930,8,47
449,558,10,51
450,100,5,79
451,479,4,45
452,700,1,10
453,723,4,96
454,364,5,31
455,772,5,20
456,25,5,48
457,524,3,54
458,640,7,59
459,915,8,13
460,677,10,55
461,260,1,89
462,62,9,75
463,15,10,7
464,292,7,64
465,321,6,51
466,773,9,27
467,449,6,36
468,780,2,93
469,94,10,49
470,254,7,87
471,11,4,39
472,764,1,39
473,54,8,100
474,794,6,38
475,873,2,85
476,720,8,81
477,901,6,52
478,449,8,64
479,232,1,26
480,77,10,72
481,408,6,83
482,984,3,1
483,343,3,86
484,427,8,20
485,970,7,40
486,452,10,29
487,668,3,10
488,575,4,88
489,243,5,11
490,159,9,14
491,661,6,5
492,969,5,34
493,776,9,43
494,244,8,23
495,977,8,33
496,103,10,90
497,50,3,23
498,148,4,39
499,414,7,98
500,395,9,62
501,606,9,67
502,111,7,21
503,746,10,67
504,470,8,72
505,309,4,63
506,61,8,56
507,948,6,4
508,776,5,54
509,505,5,87
510,368,5,98
511,354,10,28
512,727,5,76
513,205,3,56
514,189,6,87
515,432,4,62
516,659,9,84
517,688,9,78
518,437,6,8
519,580,10,74
520,680,10,59
521,714,6,10
522,234,3,30
523,227,8,31
524,49,5,93
525,592,6,60
526,374,8,42
527,126,1,16
528,194,10,7
529,322,6,28
530,115,3,10
531,652,7,25
532,505,3,94
533,679,2,23
534,518,8,63
535,511,7,45
536,866,10,62
537,331,6,91
538,565,1,92
539,204,8,53
540,938,10,18
541,562,10,27
542,628,3,87
543,784,8,54
544,595,3,69
545,948,4,71
546,455,9,60
547,255,4,99
548,48,6,93
549,545,10,29
550,184,4,74
551,149,8,94
552,22,5,4
553,183,6,79
554,947,5,55
555,867,2,64
556,3,3,46
557,415,6,62
558,972,4,31
559,770,10,89
560,89,5,57
561,42,1,35
562,60,9,37
563,361,10,15
564,137,6,13
565,832,5,98
566,244,1,68
567,613,10,44
568,976,6,79
569,865,2,34
570,439,9,19
571,613,6,61
572,746,8,24
573,20,7,24
574,535,3,4
575,348,7,88
576,250,1,27
577,971,1,32
578,298,3,51
579,637,8,11
580,110,4,15
581,699,7,27
582,750,9,68
583,374,1,37
584,406,4,73
585,695,7,63
586,673,10,51
587,720,9,24
588,971,6,90
589,775,2,68
590,477,7,46
591,333,8,89
592,820,2,53
593,32,4,29
594,578,7,12
595,98,5,30
596,103,5,81
597,100,3,16
598,823,4,71
599,866,4,2
600,820,4,90
601,289,1,13
602,869,10,8
603,770,9,56
604,791,10,44
605,846,4,49
606,520,8,13
607,418,1,67
608,199,1,58
609,8,4,81
610,857,5,55
611,292,4,36
612,92,4,50
613,726,3,59
614,80,5,78
615,554,7,43
616,96,8,58
617,216,9,70
618,1000,5,9
619,133,4,19
620,126,10,100
621,789,1,42
622,102,3,82
623,636,3,54
624,500,1,39
625,285,3,93
626,549,6,60
627,600,7,65
628,103,5,65
629,693,1,60
630,684,7,74
631,557,2,47
632,629,8,78
633,868,2,76
634,641,8,65
635,651,8,41
636,490,6,62
637,675,8,100
638,174,6,49
639,67,5,46
640,409,6,60
641,33,10,27
642,772,4,90
643,940,9,6
644,658,10,53
645,523,1,9
646,139,9,8
647,746,8,43
648,691,1,99
649,10,10,73
650,800,8,86
651,409,5,32
652,71,2,8
653,927,9,57
654,297,1,9
655,903,4,64
656,743,9,90
657,752,1,90
658,269,9,68
659,735,10,77
660,458,9,56
661,296,2,34
662,299,5,10
663,369,8,10
664,584,1,77
665,870,8,31
666,146,1,94
667,789,2,10
668,847,10,83
669,973,4,37
670,913,3,7
671,781,1,64
672,901,1,65
673,291,5,12
674,117,1,26
675,213,8,35
676,994,10,26
677,825,4,7
678,56,8,36
679,590,2,21
680,283,3,25
681,313,8,57
682,61,3,8
683,549,3,81
684,336,5,30
685,72,3,21
686,105,3,6
687,326,5,7
688,969,10,61
689,989,8,27
690,542,8,13
691,421,8,20
692,485,3,54
693,766,6,57
694,648,4,44
695,190,4,65
696,543,6,47
697,773,5,64
698,316,4,7
699,564,10,30
700,667,8,17
701,635,7,92
702,417,6,73
703,534,9,89
704,121,9,83
705,425,1,94
706,48,2,48
707,251,1,42
708,809,8,92
709,330,7,44
710,508,4,32
711,958,3,98
712,80,4,1
713,97,4,30
714,424,1,67
715,812,4,84
716,640,9,63
717,343,2,34
718,894,5,89
719,184,6,85
720,415,10,23
721,468,8,61
722,809,9,21
723,864,4,55
724,534,5,86
725,385,3,27
726,279,2,89
727,484,6,90
728,62,6,90
729,517,10,48
730,934,9,80
731,152,5,95
732,406,4,26
733,80,5,51
734,454,2,22
735,599,3,24
736,14,1,67
737,685,4,68
738,1000,1,25
739,868,3,7
740,842,5,2
741,641,5,87
742,136,3,97
743,221,3,25
744,401,10,52
745,591,9,54
746,436,4,60
747,145,4,69
748,782,1,76
749,6,5,23
750,165,4,60
751,148,9,14
752,400,6,11
753,533,4,26
754,997,8,43
755,114,3,3
756,851,2,49
757,613,9,31
758,81,5,74
759,929,6,77
760,627,2,98
761,178,1,56
762,557,1,11
763,578,7,63
764,93,7,44
765,916,3,77
766,191,10,92
767,195,6,20
768,607,1,33
769,176,8,18
770,980,9,44
771,624,2,7
772,662,2,97
773,231,10,31
774,187,6,67
775,864,5,35
776,272,3,78
777,670,2,36
778,753,8,1
779,26,5,47
780,538,3,61
781,68,7,48
782,733,9,16
783,584,1,80
784,849,1,89
785,636,3,70
786,17,9,69
787,484,4,2
788,606,4,74
789,379,7,98
790,935,8,4
791,143,8,23
792,927,10,60
793,252,4,56
794,276,7,32
795,559,1,29
796,823,6,23
797,345,4,9
798,613,8,59
799,696,9,65
800,614,3,5
801,813,8,85
802,892,1,4
803,344,6,42
804,121,8,60
805,972,8,18
806,503,7,35
807,993,4,19
808,135,3,58
809,47,2,96
810,220,7,71
811,141,3,27
812,258,10,30
813,986,6,37
814,69,10,31
815,588,10,35
816,196,3,7
817,862,5,51
818,918,1,15
819,58,10,19
820,467,4,79
821,192,1,75
822,429,4,25
823,584,2,72
824,971,4,34
825,704,10,84
826,502,7,93
827,486,5,4
828,411,2,20
829,27,7,53
830,792,10,53
831,460,5,13
832,14,4,29
833,874,4,95
834,989,2,10
835,241,4,34
836,349,10,38
837,41,4,18
838,173,4,19
839,466,1,26
840,94,6,81
841,350,9,78
842,590,2,26
843,368,2,12
844,995,2,55
845,13,4,95
846,125,1,72
847,891,8,4
848,906,10,79
849,523,3,4
850,815,1,52
851,38,2,75
852,935,3,66
853,941,10,27
854,70,10,39
855,421,7,94
856,731,2,41
857,512,7,87
858,778,1,5
859,650,9,77
860,870,5,82
861,848,6,30
862,553,2,12
863,901,2,76
864,499,9,93
865,346,9,35
866,392,2,12
867,529,5,79
868,956,6,72
869,236,6,19
870,43,8,5
871,308,7,59
872,603,9,37
873,956,10,41
874,622,2,53
875,643,10,37
876,894,7,80
877,107,6,41
878,761,9,95
879,989,3,58
880,954,6,36
881,704,3,87
882,134,8,3
883,409,9,61
884,469,1,73
885,635,2,19
886,154,8,41
887,41,2,47
888,153,10,80
889,848,8,42
890,45,7,38
891,750,7,70
892,698,5,13
893,162,2,29
894,845,4,24
895,381,3,88
896,293,6,15
897,833,7,83
898,817,9,8
899,225,7,82
900,377,1,79
901,632,9,92
902,978,3,54
903,537,5,91
904,560,8,65
905,565,10,31
906,505,1,20
907,722,5,20
908,841,6,98
909,962,7,59
910,199,8,7
911,611,7,12
912,44,5,23
913,836,10,31
914,626,10,20
915,939,5,77
916,865,8,99
917,643,8,95
918,284,9,30
919,230,1,9
920,624,5,97
921,758,8,2
922,373,6,71
923,629,9,62
924,931,4,4
925,796,6,43
926,984,3,86
927,590,4,78
928,81,3,20
929,963,2,95
930,876,5,75
931,755,5,28
932,383,1,99
933,883,8,61
934,955,3,29
935,197,6,48
936,519,10,87
937,609,3,17
938,73,10,55
939,92,3,73
940,827,9,89
941,731,3,15
942,43,7,43
943,38,9,47
944,329,3,34
945,19,10,54
946,131,8,82
947,732,1,3
948,783,3,65
949,671,8,23
950,954,5,23
951,41,10,30
952,620,1,79
953,415,8,57
954,741,7,11
955,702,7,30
956,483,9,16
957,606,8,74
958,357,1,33
959,555,1,63
960,732,5,82
961,803,1,13
962,678,9,10
963,955,6,82
964,319,2,62
965,817,5,61
966,899,1,9
967,446,5,22
968,330,3,58
969,258,8,78
970,541,2,4
971,287,9,17
972,60,10,1
973,781,6,9
974,476,5,3
975,631,9,67
976,457,5,44
977,514,4,23
978,628,3,86
979,430,3,88
980,472,6,47
981,681,10,64
982,922,8,74
983,78,2,63
984,295,9,66
985,942,1,72
986,980,7,70
987,341,9,44
988,638,5,62
989,953,9,86
990,384,3,73
991,905,10,37
992,48,8,96
993,438,9,80
994,925,9,76
995,902,2,60
996,965,1,61
997,228,10,84
998,820,1,65
999,921,7,72
1000,102,10,17
1001,390,5,53
1002,585,8,45
1003,897,6,89
1004,699,9,15
1005,277,10,29
1006,7,9,65
1007,496,2,45
1008,72,4,24
1009,491,1,59
1010,414,8,96
1011,697,6,11
1012,23,7,100
1013,420,2,49
1014,462,10,62
1015,372,2,26
1016,791,2,99
1017,26,6,30
1018,393,5,67
1019,415,1,32
1020,621,5,34
1021,315,4,51
1022,675,1,57
1023,295,7,42
1024,709,6,12
1025,114,6,60
1026,166,2,29
1027,299,10,40
1028,361,5,26
1029,694,7,32
1030,906,10,59
1031,981,4,31
1032,73,4,59
1033,393,1,36
1034,309,10,83
1035,895,3,55
1036,301,9,97
1037,405,5,89
1038,450,3,79
1039,939,3,97
1040,659,8,23
1041,174,5,34
1042,889,10,60
1043,95,5,73
1044,101,5,18
1045,575,6,19
1046,959,1,38
1047,809,3,19
1048,851,5,86
1049,997,4,98
1050,443,7,38
1051,100,3,84
1052,274,10,2
1053,978,4,86
1054,389,6,19
1055,192,6,76
1056,507,5,26
1057,208,8,67
1058,192,1,1
1059,214,7,39
1060,582,3,26
1061,269,7,62
1062,70,10,32
1063,417,8,73
1064,947,8,29
1065,301,7,59
1066,433,5,65
1067,233,4,58
1068,444,2,19
1069,575,2,74
1070,151,3,77
1071,300,7,1
1072,947,2,7
1073,853,10,72
1074,844,7,72
1075,690,8,52
1076,442,9,18
1077,230,3,24
1078,895,1,73
1079,249,10,24
1080,519,7,81
1081,183,1,20
1082,142,7,3
1083,564,8,11
1084,966,7,18
1085,240,5,85
1086,874,2,87
1087,741,10,41
1088,172,4,22
1089,126,6,47
1090,25,4,55
1091,31,1,83
1092,725,4,87
1093,10,7,53
1094,67,6,61
1095,320,5,18
1096,587,1,54
1097,299,5,50
1098,69,7,11
1099,226,10,72
1100,24,1,92
1101,231,4,57
1102,473,9,5
1103,650,1,37
1104,845,10,72
1105,830,2,16
1106,571,6,90
1107,801,8,96
1108,488,1,10
1109,793,7,83
1110,735,8,95
1111,618,8,78
1112,133,3,46
1113,742,8,72
1114,500,8,79
1115,202,5,44
1116,319,3,85
1117,797,2,89
1118,509,9,70
1119,85,6,10
1120,688,5,77
1121,195,9,60
1122,994,1,10
1123,888,4,93
1124,695,4,63
1125,160,6,99
1126,27,8,67
1127,917,8,11
1128,598,8,26
1129,399,5,65
1130,815,2,2
1131,298,1,51
1132,983,6,36
1133,776,7,75
1134,724,5,95
1135,542,8,82
1136,268,5,54
1137,478,6,71
1138,409,4,32
1139,839,6,17
1140,104,2,38
1141,529,6,63
1142,955,9,41
1143,103,7,22
1144,417,6,9
1145,727,7,95
1146,353,5,34
1147,958,3,55
1148,704,6,22
1149,834,5,89
1150,589,1,71
1151,636,5,9
1152,276,10,68
1153,563,7,61
1154,313,6,72
1155,300,2,66
1156,404,10,29
1157,854,8,71
1158,906,4,95
1159,444,4,22
1160,381,10,60
1161,807,8,85
1162,548,7,40
1163,114,3,84
1164,1,3,56
1165,81,3,90
1166,217,10,80
1167,934,3,39
1168,902,6,28
1169,595,6,30
1170,55,5,16
1171,958,5,26
1172,141,10,72
1173,173,4,27
1174,559,4,70
1175,98,8,35
1176,975,5,34
1177,118,3,84
1178,779,2,75
1179,873,3,28
1180,212,10,42
1181,494,10,10
1182,269,5,81
1183,342,7,96
1184,395,2,76
1185,407,4,18
1186,750,9,97
1187,651,8,10
1188,138,8,18
1189,247,7,7
1190,121,9,43
1191,722,10,62
1192,77,1,70
1193,554,8,96
1194,896,7,48
1195,628,8,4
1196,233,2,34
1197,269,8,47
1198,185,3,100
1199,284,5,45
1200,614,10,96
1201,574,2,14
1202,874,3,81
1203,712,2,78
1204,664,8,19
1205,399,1,15
1206,598,2,24
1207,715,7,21
1208,678,3,70
1209,577,4,53
1210,530,1,68
1211,666,2,98
1212,598,9,95
1213,548,4,80
1214,121,10,93
1215,268,10,75
1216,906,5,75
1217,191,2,11
1218,264,8,24
1219,534,10,20
1220,765,8,7
1221,622,8,20
1222,411,8,5
1223,807,1,32
1224,731,5,10
1225,108,9,12
1226,805,9,26
1227,311,10,57
1228,118,9,71
1229,711,9,83
1230,77,9,50
1231,412,3,39
1232,730,8,3
1233,278,1,50
1234,418,7,93
1235,367,3,93
1236,197,1,66
1237,904,1,40
1238,337,9,76
1239,51,5,82
1240,27,2,7
1241,726,4,74
1242,436,8,89
1243,379,7,50
1244,79,1,28
1245,553,4,34
1246,790,10,51
1247,848,10,95
1248,334,3,94
1249,828,4,21
1250,132,2,71
1251,472,7,67
1252,112,1,74
1253,560,8,79
1254,562,3,28
1255,780,5,64
1256,649,9,45
1257,920,9,29
1258,553,2,12
1259,319,6,94
1260,264,10,18
1261,560,4,21
1262,34,9,99
1263,381,2,29
1264,412,8,60
1265,945,10,24
1266,320,9,9
1267,496,5,61
1268,437,8,32
1269,770,9,3
1270,851,10,2
1271,688,7,43
1272,514,2,85
1273,706,2,52
1274,983,3,100
1275,984,6,93
1276,711,5,82
1277,42,1,66
1278,109,4,90
1279,184,3,43
1280,638,2,25
1281,449,8,18
1282,779,7,78
1283,356,4,50
1284,783,6,33
1285,604,3,20
1286,356,8,19
1287,258,7,20
1288,256,2,64
1289,599,10,34
1290,265,4,4
1291,886,2,56
1292,818,10,95
1293,260,2,99
1294,889,4,62
1295,40,5,24
1296,136,9,76
1297,929,8,89
1298,302,10,85
1299,647,5,47
1300,551,3,1
1301,694,1,17
1302,775,1,12
1303,316,9,11
1304,822,10,32
1305,881,2,3
1306,554,3,96
1307,133,3,23
1308,619,2,19
1309,451,4,45
1310,316,3,99
1311,171,6,64
1312,928,2,27
1313,478,6,92
1314,846,4,19
1315,19,10,22
1316,859,1,1
1317,300,3,17
1318,819,7,37
1319,92,1,74
1320,856,2,38
1321,927,3,31
1322,236,6,23
1323,432,8,79
1324,59,8,18
1325,903,3,23
1326,723,10,22
1327,73,9,55
1328,425,10,86
1329,486,9,49
1330,495,5,82
1331,275,6,70
1332,278,7,49
1333,299,6,52
1334,477,3,99
1335,645,10,100
1336,259,9,37
1337,966,3,57
1338,911,3,80
1339,506,6,55
1340,4,4,8
1341,58,3,91
1342,81,1,43
1343,103,6,66
1344,725,6,2
1345,84,2,64
1346,466,3,75
1347,876,6,96
1348,568,10,91
1349,152,6,30
1350,454,10,24
1351,154,1,66
1352,58,7,85
1353,190,2,69
1354,46,2,77
1355,106,9,65
1356,204,2,91
1357,701,3,25
1358,73,5,71
1359,564,7,66
1360,101,1,97
1361,601,4,54
1362,441,10,19
1363,545,3,51
1364,145,10,23
1365,798,3,49
1366,295,9,6
1367,48,5,87
1368,145,8,69
1369,633,3,12
1370,205,3,9
1371,293,8,43
1372,913,7,47
1373,719,9,55
1374,684,5,49
1375,213,3,50
1376,124,9,49
1377,344,5,83
1378,418,3,22
1379,767,5,91
1380,168,4,11
1381,778,10,73
1382,180,6,50
1383,217,8,29
1384,852,9,63
1385,406,8,25
1386,894,4,84
1387,894,9,32
1388,316,2,41
1389,83,10,23
1390,280,1,39
1391,543,1,68
1392,354,8,83
1393,775,9,36
1394,993,7,65
1395,649,8,98
1396,62,7,53
1397,391,7,36
1398,885,5,8
1399,853,6,85
1400,821,5,86
1401,807,1,9
1402,11,1,18
1403,362,5,56
1404,597,4,37
1405,276,2,16
1406,789,9,28
1407,283,1,94
1408,161,8,95
1409,588,8,82
1410,928,5,36
1411,55,4,99
1412,303,5,37
1413,284,3,7
1414,525,10,2
1415,291,8,43
1416,117,7,49
1417,139,4,23
1418,690,2,57
1419,951,5,76
1420,255,7,27
1421,276,3,71
1422,375,9,60
1423,960,9,78
1424,619,2,21
1425,423,6,40
1426,291,9,66
1427,499,7,91
1428,928,8,65
1429,684,7,76
1430,960,8,64
1431,771,10,17
1432,453,3,25
1433,235,8,39
1434,473,8,44
1435,911,2,61
1436,699,3,4
1437,656,8,76
1438,917,2,16
1439,183,8,66
1440,283,9,53
1441,303,2,76
1442,361,2,66
1443,678,5,67
1444,855,5,26
1445,696,8,20
1446,741,2,94
1447,730,1,50
1448,91,8,36
1449,521,1,13
1450,182,2,5
1451,677,8,77
1452,511,9,54
1453,685,7,43
1454,537,1,66
1455,324,8,27
1456,473,4,54
1457,449,1,10
1458,816,3,47
1459,582,10,65
1460,728,5,49
1461,427,6,98
1462,422,9,100
1463,6,9,94
1464,524,9,17
1465,476,3,56
1466,109,6,80
1467,27,7,86
1468,857,10,52
1469,178,1,34
1470,552,1,27
1471,899,7,72
1472,181,4,27
1473,158,3,58
1474,688,3,57
1475,873,10,46
1476,955,2,41
1477,36,6,54
1478,316,6,41
1479,92,6,57
1480,924,2,20
1481,529,10,2
1482,939,2,92
1483,618,4,59
1484,653,1,61
1485,188,4,84
1486,414,7,26
1487,547,9,32
1488,185,3,59
1489,268,4,52
1490,121,7,33
1491,535,2,3
1492,192,2,94
1493,998,7,16
1494,11,10,92
1495,494,10,20
1496,378,6,73
1497,894,2,89
1498,426,9,25
1499,481,9,3
1500,240,5,77
1501,630,5,65
1502,801,10,27
1503,550,7,23
1504,420,6,68
1505,195,3,90
1506,394,9,51
1507,159,9,74
1508,422,10,4
1509,72,1,54
1510,782,3,55
1511,21,9,74
1512,526,1,63
1513,850,5,73
1514,726,1,3
1515,833,8,90
1516,706,10,30
1517,95,9,33
1518,415,9,18
1519,894,3,73
1520,197,9,83
1521,803,10,26
1522,560,7,68
1523,740,3,54
1524,68,5,59
1525,975,7,21
1526,9,6,80
1527,485,3,69
1528,719,6,78
1529,931,6,32
1530,499,7,37
1531,183,5,42
1532,359,6,33
1533,694,3,100
1534,104,8,88
1535,65,2,72
1536,690,6,87
1537,598,2,27
1538,969,6,69
1539,422,2,69
1540,312,4,29
1541,624,10,55
1542,251,4,43
1543,801,7,56
1544,682,2,86
1545,865,8,12
1546,774,6,93
1547,673,8,87
1548,414,2,34
1549,916,6,66
1550,580,6,53
1551,895,10,77
1552,102,3,24
1553,867,4,44
1554,686,9,3
1555,632,4,46
1556,215,4,10
1557,113,3,9
1558,964,6,70
1559,292,5,49
1560,682,9,85
1561,213,7,56
1562,850,4,100
1563,429,3,9
1564,834,7,42
1565,136,3,2
1566,532,7,23
1567,269,5,74
1568,400,1,51
1569,827,2,67
1570,597,3,74
1571,352,5,74
1572,494,5,2
1573,61,7,74
1574,338,10,48
1575,608,5,47
1576,575,3,34
1577,196,6,93
1578,127,7,67
1579,173,8,37
1580,950,5,31
1581,563,9,37
1582,544,3,90
1583,595,10,33
1584,512,1,11
1585,750,6,90
1586,348,9,96
1587,146,6,42
1588,836,4,89
1589,605,9,46
1590,554,6,38
1591,458,10,61
1592,208,7,80
1593,488,10,86
1594,855,10,97
1595,715,6,43
1596,273,5,71
1597,171,3,48
1598,34,10,20
1599,991,5,36
1600,642,1,90
1601,552,6,62
1602,25,3,16
1603,252,4,55
1604,201,5,98
1605,90,3,44
1606,286,9,9
1607,952,10,52
1608,565,10,3
1609,505,5,32
1610,585,1,16
1611,925,1,44
1612,229,8,88
1613,901,1,28
1614,310,1,6
1615,69,5,90
1616,928,1,97
1617,669,10,69
1618,751,7,67
1619,226,1,87
1620,251,2,25
1621,664,5,85
1622,93,7,72
1623,848,6,5
1624,714,6,90
1625,877,4,13
1626,741,8,7
1627,131,5,1
1628,665,7,2
1629,767,4,69
1630,357,1,43
1631,189,1,1
1632,982,9,82
1633,337,10,65
1634,520,3,38
1635,978,5,17
1636,550,2,98
1637,400,6,4
1638,742,6,94
1639,309,6,48
1640,884,2,98
1641,700,3,12
1642,360,1,58
1643,916,7,78
1644,516,5,80
1645,283,10,9
1646,726,10,91
1647,654,5,61
1648,42,5,1
1649,391,7,71
1650,630,4,89
1651,91,4,29
1652,962,5,14
1653,825,1,73
1654,76,10,55
1655,620,1,57
1656,819,5,72
1657,496,8,46
1658,574,4,78
1659,848,4,57
1660,850,2,89
1661,177,7,96
1662,531,7,90
1663,161,4,85
1664,715,6,54
1665,403,6,64
1666,646,8,98
1667,473,5,31
1668,356,8,98
1669,800,10,42
1670,519,5,42
1671,656,8,26
1672,158,2,51
1673,443,9,41
1674,965,1,63
1675,160,3,77
1676,142,7,43
1677,23,1,69
1678,954,2,64
1679,770,1,2
1680,38,4,9
1681,870,6,16
1682,358,8,9
1683,103,9,79
1684,279,7,12
1685,150,6,46
1686,818,6,74
1687,527,8,13
1688,467,1,89
1689,348,8,88
1690,135,8,28
1691,901,8,42
1692,353,7,74
1693,83,4,14
1694,710,2,86
1695,789,5,45
1696,483,8,82
1697,296,3,94
1698,197,3,18
1699,747,8,76
1700,431,5,41
1701,455,2,16
1702,303,1,10
1703,561,2,54
1704,354,8,38
1705,638,6,3
1706,286,2,28
1707,427,9,14
1708,610,8,42
1709,427,1,26
1710,909,4,64
1711,288,5,33
1712,605,2,55
1713,845,7,43
1714,544,4,6
1715,671,9,54
1716,875,4,60
1717,554,1,40
1718,719,8,49
1719,138,5,12
1720,276,6,75
1721,247,9,83
1722,323,6,15
1723,100,7,37
1724,976,1,77
1725,199,4,35
1726,101,4,95
1727,755,5,44
1728,514,2,24
1729,393,6,42
1730,910,10,64
1731,690,3,56
1732,356,2,29
1733,728,6,41
1734,948,1,76
1735,940,2,83
1736,180,6,19
1737,719,10,87
1738,633,4,54
1739,472,3,35
1740,746,3,38
1741,277,1,63
1742,65,10,77
1743,181,1,86
1744,578,2,24
1745,7,1,4
1746,236,6,67
1747,704,6,29
1748,329,10,19
1749,602,2,89
1750,59,4,55
1751,787,3,89
1752,537,7,82
1753,630,10,77
1754,468,9,77
1755,426,4,39
1756,300,10,86
1757,970,8,38
1758,845,6,30
1759,796,10,84
1760,240,6,63
1761,615,8,45
1762,342,4,61
1763,302,10,22
1764,915,9,25
1765,671,1,53
1766,718,3,93
1767,24,7,64
1768,135,2,31
1769,133,1,3
1770,523,5,7
1771,630,1,71
1772,285,7,86
1773,996,6,28
1774,985,4,100
1775,430,3,59
1776,888,8,47
1777,58,2,47
1778,587,2,1
1779,478,7,82
1780,995,10,66
1781,233,3,70
1782,280,6,12
1783,922,4,15
1784,608,8,29
1785,642,6,70
1786,1000,7,56
1787,898,2,43
1788,708,2,85
1789,203,4,99
1790,653,1,42
1791,684,10,18
1792,595,7,18
1793,461,3,59
1794,120,1,52
1795,986,2,60
1796,460,6,16
1797,938,4,53
1798,604,5,98
1799,815,3,7
1800,953,10,3
1801,617,8,87
1802,612,6,10
1803,130,4,63
1804,398,6,54
1805,881,2,27
1806,134,10,67
1807,697,2,1
1808,929,7,9
1809,524,10,18
1810,48,8,34
1811,904,9,50
1812,540,9,67
1813,637,1,34
1814,274,8,51
1815,419,7,66
1816,497,2,38
1817,30,8,38
1818,605,4,59
1819,289,4,83
1820,114,3,45
1821,315,8,55
1822,725,7,18
1823,222,4,49
1824,743,6,11
1825,994,10,48
1826,381,9,89
1827,278,7,37
1828,374,7,45
1829,41,8,33
1830,852,8,82
1831,955,6,86
1832,540,3,5
1833,970,6,26
1834,76,7,13
1835,217,8,67
1836,699,10,4
1837,210,2,92
1838,478,6,5
1839,297,2,38
1840,784,4,29
1841,156,3,64
1842,609,4,26
1843,233,10,78
1844,603,3,74
1845,704,9,34
1846,987,1,6
1847,431,8,80
1848,493,7,5
1849,196,6,10
1850,666,4,75
1851,614,6,28
1852,372,10,73
1853,278,2,32
1854,518,3,45
1855,423,1,8
1856,614,6,22
1857,373,9,77
1858,845,6,96
1859,343,5,35
1860,705,3,28
1861,216,2,53
1862,929,9,25
1863,526,5,10
1864,588,3,86
1865,66,6,21
1866,282,8,56
1867,589,2,51
1868,26,9,64
1869,376,4,8
1870,917,9,8
1871,159,7,70
1872,68,7,31
1873,717,2,86
1874,153,8,46
1875,724,2,40
1876,975,6,72
1877,674,4,4
1878,842,10,3
1879,868,4,93
1880,56,9,18
1881,29,4,57
1882,758,9,72
1883,744,9,89
1884,552,2,33
1885,96,2,100
1886,170,8,31
1887,552,2,42
1888,870,9,73
1889,991,5,42
1890,20,7,7
1891,295,7,99
1892,443,8,63
1893,795,6,45
1894,449,6,90
1895,788,1,27
1896,440,6,79
1897,85,5,78
1898,898,10,58
1899,171,10,38
1900,79,4,74
1901,108,9,17
1902,662,4,35
1903,612,9,4
1904,840,4,62
1905,307,3,41
1906,800,2,42
1907,611,8,87
1908,383,3,78
1909,494,9,70
1910,573,6,100
1911,516,10,9
1912,359,10,45
1913,369,4,79
1914,434,1,26
1915,68,9,59
1916,152,4,85
1917,176,2,86
1918,597,9,67
1919,966,6,80
1920,348,2,89
1921,125,8,97
1922,572,4,52
1923,277,2,3
1924,609,10,91
1925,544,9,43
1926,984,6,64
1927,229,9,75
1928,498,2,91
1929,120,3,81
1930,655,1,49
1931,283,8,30
1932,402,1,93
1933,752,1,45
1934,334,5,20
1935,276,5,24
1936,848,5,89
1937,385,2,35
1938,503,10,79
1939,580,8,89
1940,798,4,97
1941,679,3,17
1942,323,4,46
1943,235,6,29
1944,580,8,35
1945,95,3,80
1946,885,8,18
1947,720,9,49
1948,188,4,96
1949,152,7,92
1950,234,9,46
1951,838,1,96
1952,625,7,87
1953,287,6,60
1954,383,4,4
1955,454,6,23
1956,432,3,37
1957,501,7,38
1958,870,3,97
1959,486,5,57
1960,607,1,100
1961,727,3,98
1962,489,9,91
1963,621,3,61
1964,472,9,13
1965,897,7,28
1966,738,2,97
1967,305,2,22
1968,581,7,65
1969,160,1,99
1970,979,7,11
1971,342,2,64
1972,956,7,17
1973,499,1,81
1974,374,4,86
1975,936,10,95
1976,822,7,92
1977,705,1,60
1978,656,4,67
1979,502,4,38
1980,133,5,96
1981,881,6,68
1982,956,5,82
1983,182,6,41
1984,783,7,72
1985,11,3,74
1986,763,3,62
1987,662,3,41
1988,716,3,25
1989,957,7,73
1990,246,2,15
1991,318,4,7
1992,465,10,14
1993,81,10,85
1994,167,1,32
1995,860,5,19
1996,107,3,41
1997,88,10,78
1998,447,10,30
1999,360,10,27
2000,176,5,18
2001,12,7,32
2002,147,7,72
2003,393,2,53
2004,331,3,96
2005,585,10,98
2006,645,2,56
2007,863,4,76
2008,393,3,89
2009,8,9,66
2010,5,5,17
2011,293,7,92
2012,984,1,90
2013,912,1,36
2014,709,4,81
2015,750,10,46
2016,18,3,69
2017,453,1,17
2018,173,1,87
2019,462,9,20
2020,609,5,55
2021,835,4,51
2022,202,7,23
2023,569,1,55
2024,533,8,60
2025,662,4,4
2026,29,3,35
2027,114,6,43
2028,614,4,57
2029,266,5,71
2030,213,6,43
2031,263,5,69
2032,551,2,50
2033,753,1,88
2034,32,3,3
2035,767,2,89
2036,918,6,16
2037,453,1,53
2038,665,1,35
2039,802,8,64
2040,286,6,2
2041,490,10,72
2042,381,3,64
2043,683,7,72
2044,365,7,45
2045,304,3,38
2046,731,2,87
2047,575,4,7
2048,312,6,15
2049,937,6,8
2050,480,5,83
2051,827,6,77
2052,89,8,95
2053,423,5,7
2054,856,1,70
2055,612,7,45
2056,96,2,29
2057,572,5,34
2058,489,2,77
2059,870,10,84
2060,794,3,23
2061,395,8,1
2062,21,10,83
2063,412,5,2
2064,314,9,3
2065,203,7,36
2066,539,1,21
2067,367,10,61
2068,17,9,85
2069,274,7,4
2070,971,3,43
2071,709,2,89
2072,297,5,45
2073,877,7,6
2074,310,9,71
2075,798,3,25
2076,335,5,53
2077,792,10,83
2078,33,5,94
2079,413,5,39
2080,52,3,78
2081,622,2,47
2082,971,8,42
2083,365,5,2
2084,772,9,44
2085,102,2,82
2086,401,4,53
2087,114,4,83
2088,510,10,87
2089,738,8,15
2090,200,3,14
2091,17,4,63
2092,13,5,46
2093,972,4,90
2094,488,3,71
2095,188,4,70
2096,828,4,85
2097,791,10,66
2098,311,3,19
2099,7,1,69
2100,447,9,88
2101,254,7,6
2102,60,7,39
2103,913,9,53
2104,762,6,64
2105,639,3,63
2106,46,7,78
2107,953,4,22
2108,412,7,6
2109,595,5,64
2110,579,3,8
2111,172,6,77
2112,807,3,1
2113,771,5,18
2114,879,5,11
2115,531,2,98
2116,632,2,62
2117,556,6,14
2118,314,5,57
2119,770,6,91
2120,333,6,69
2121,903,9,32
2122,701,3,66
2123,340,7,19
2124,230,3,46
2125,99,10,18
2126,707,5,44
2127,477,4,64
2128,551,3,62
2129,260,5,52
2130,524,9,53
2131,219,5,69
2132,704,5,17
2133,795,2,82
2134,15,6,76
2135,60,6,54
2136,840,9,98
2137,457,9,72
2138,895,1,43
2139,723,6,38
2140,227,7,40
2141,713,2,24
2142,430,3,64
2143,663,1,79
2144,680,7,3
2145,193,6,11
2146,370,8,51
2147,881,4,22
2148,219,9,7
2149,958,9,9
2150,758,1,76
2151,731,7,43
2152,880,2,81
2153,372,3,50
2154,800,3,72
2155,451,2,75
2156,41,4,41
2157,548,9,38
2158,764,2,68
2159,347,5,15
2160,599,6,29
2161,260,10,69
2162,892,2,47
2163,293,7,79
2164,29,1,5
2165,198,4,56
2166,210,6,62
2167,875,4,80
2168,694,8,63
2169,416,8,13
2170,670,9,50
2171,209,10,58
2172,319,3,12
2173,833,2,75
2174,64,1,77
2175,472,9,44
2176,303,8,26
2177,616,8,53
2178,767,2,35
2179,643,9,22
2180,507,4,91
2181,176,5,34
2182,199,5,84
2183,555,7,29
2184,224,9,41
2185,255,4,46
2186,809,4,11
2187,510,7,52
2188,518,1,27
2189,616,6,61
2190,104,9,59
2191,534,9,76
2192,496,1,47
2193,350,8,64
2194,783,8,23
2195,564,9,77
2196,963,6,19
2197,284,9,79
2198,385,2,7
2199,940,5,18
2200,672,3,51
2201,157,7,61
2202,351,3,61
2203,198,1,89
2204,795,8,32
2205,49,10,92
2206,754,6,65
2207,227,8,6
2208,630,5,36
2209,90,4,87
2210,56,8,88
2211,595,4,86
2212,430,4,65
2213,947,8,32
2214,209,9,27
2215,584,1,24
2216,249,10,14
2217,536,2,57
2218,814,8,86
2219,217,6,54
2220,671,4,17
2221,521,4,1
2222,623,10,17
2223,858,3,84
2224,269,2,32
2225,82,2,88
2226,613,7,39
2227,271,2,88
2228,715,1,24
2229,207,5,49
2230,269,3,23
2231,587,7,3
2232,122,6,19
2233,638,8,7
2234,410,1,50
2235,631,10,2
2236,412,9,21
2237,736,5,89
2238,654,2,28
2239,135,8,13
2240,232,7,90
2241,132,7,2
2242,380,9,92
2243,618,2,49
2244,284,10,56
2245,765,5,9
2246,771,2,60
2247,968,1,44
2248,132,5,27
2249,297,1,8
2250,65,4,34
2251,59,2,82
2252,167,2,30
2253,956,6,96
2254,840,8,74
2255,238,2,96
2256,103,3,81
2257,35,1,95
2258,554,4,98
2259,906,6,21
2260,346,2,47
2261,511,1,22
2262,234,2,61
2263,876,3,66
2264,878,7,39
2265,699,2,62
2266,695,10,7
2267,75,5,64
2268,209,7,48
2269,36,7,47
2270,538,7,38
2271,182,10,25
2272,932,3,87
2273,875,3,84
2274,4,3,13
2275,33,3,43
2276,442,8,44
2277,240,10,90
2278,97,5,4
2279,697,7,44
2280,765,8,28
2281,310,6,37
2282,337,7,16
2283,10,8,51
2284,37,3,6
2285,696,6,23
2286,290,10,82
2287,836,7,15
2288,670,10,42
2289,156,8,24
2290,372,2,42
2291,993,4,37
2292,147,7,81
2293,524,7,69
2294,561,2,26
2295,222,6,74
2296,694,8,99
2297,10,8,23
2298,947,10,74
2299,349,9,31
2300,826,1,40
2301,307,2,13
2302,377,3,58
2303,983,4,62
2304,497,6,82
2305,881,8,32
2306,589,7,89
2307,78,2,9
2308,5,3,48
2309,478,2,85
2310,230,7,86
2311,69,3,88
2312,757,3,23
2313,257,3,47
2314,406,6,97
2315,571,9,33
2316,562,8,41
2317,660,10,87
2318,466,9,27
2319,655,3,25
2320,62,6,67
2321,649,7,77
2322,296,6,69
2323,745,10,58
2324,79,8,20
2325,127,3,44
2326,42,5,54
2327,661,1,36
2328,6,10,37
2329,102,2,90
2330,130,9,53
2331,687,1,87
2332,587,10,79
2333,687,9,30
2334,30,4,89
2335,144,10,39
2336,418,9,21
2337,316,2,30
2338,318,8,52
2339,374,5,43
2340,823,5,20
2341,687,8,95
2342,378,10,36
2343,106,1,52
2344,879,5,86
2345,342,3,3
2346,165,3,19
2347,848,8,52
2348,680,8,70
2349,498,2,2
2350,34,2,79
2351,138,1,80
2352,513,7,5
2353,1,8,37
2354,523,3,76
2355,555,1,79
2356,596,10,47
2357,439,8,73
2358,728,4,43
2359,476,2,54
2360,948,2,79
2361,504,5,38
2362,652,7,2
2363,375,2,44
2364,19,10,9
2365,221,3,44
2366,975,3,57
2367,493,2,18
2368,773,7,60
2369,437,9,48
2370,635,4,54
2371,271,8,42
2372,461,5,16
2373,457,1,35
2374,909,9,70
2375,944,6,22
2376,826,3,29
2377,99,10,75
2378,66,1,77
2379,399,6,21
2380,732,9,62
2381,28,3,88
2382,442,5,80
2383,529,4,10
2384,935,2,55
2385,106,5,15
2386,253,7,1
2387,950,6,10
2388,828,2,90
2389,684,9,93
2390,494,5,72
2391,864,6,92
2392,931,5,42
2393,752,1,61
2394,693,4,82
2395,800,9,45
2396,238,10,35
2397,442,4,17
2398,785,9,63
2399,778,5,79
2400,10,8,17
2401,587,2,83
2402,98,2,8
2403,384,3,61
2404,980,6,23
2405,276,5,82
2406,295,8,91
2407,529,9,36
2408,654,3,38
2409,727,9,32
2410,684,7,55
2411,475,1,88
2412,154,1,43
2413,867,7,15
2414,960,9,17
2415,276,6,99
2416,617,6,3
2417,295,1,59
2418,523,5,48
2419,168,10,80
2420,650,6,30
2421,627,9,48
2422,519,7,10
2423,532,4,91
2424,562,6,5
2425,367,6,68
2426,651,10,68
2427,230,8,83
2428,488,3,62
2429,657,4,87
2430,416,1,46
2431,629,10,43
2432,711,6,41
2433,469,3,5
2434,630,2,7
2435,183,3,94
2436,187,10,46
2437,820,8,11
2438,13,3,62
2439,482,10,17
2440,610,8,42
2441,81,10,77
2442,561,6,24
2443,14,7,46
2444,896,7,35
2445,476,10,72
2446,373,3,90
2447,816,2,93
2448,865,5,28
2449,965,3,1
2450,722,9,8
2451,459,4,13
2452,244,1,94
2453,629,7,92
2454,917,6,14
2455,611,3,93
2456,84,3,70
2457,597,8,88
2458,136,5,53
2459,953,10,55
2460,46,6,56
2461,692,9,61
2462,472,7,47
2463,744,1,78
2464,401,9,65
2465,706,5,21
2466,928,9,83
2467,446,2,37
2468,154,5,69
2469,820,10,51
2470,283,7,95
2471,226,9,50
2472,528,2,37
2473,884,6,59
2474,624,7,15
2475,665,3,78
2476,863,3,59
2477,934,2,88
2478,47,3,47
2479,58,8,20
2480,57,9,15
2481,416,6,22
2482,483,4,2
2483,625,10,96
2484,556,3,96
2485,577,1,100
2486,788,5,64
2487,303,3,48
2488,922,9,69
2489,840,4,20
2490,737,7,20
2491,736,3,18
2492,485,4,86
2493,483,9,35
2494,767,1,67
2495,185,3,12
2496,257,7,50
2497,56,4,68
2498,461,5,75
2499,562,10,28
2500,188,10,87
2501,847,4,46
2502,662,6,17
2503,930,8,61
2504,768,9,39
2505,610,8,96
2506,480,6,33
2507,678,10,67
2508,34,1,13
2509,983,3,58
2510,136,5,88
2511,440,9,22
2512,53,6,55
2513,839,10,57
2514,157,10,84
2515,708,8,32
2516,956,10,13
2517,793,10,77
2518,866,9,76
2519,638,3,33
2520,548,4,50
2521,82,3,10
2522,137,8,77
2523,201,3,81
2524,779,9,81
2525,738,8,1
2526,403,10,28
2527,528,4,24
2528,50,2,96
2529,123,10,8
2530,832,4,70
2531,869,6,46
2532,693,3,94
2533,814,6,2
2534,449,10,90
2535,188,1,84
2536,853,7,86
2537,560,2,86
2538,392,7,76
2539,985,5,49
2540,687,9,7
2541,752,6,2
2542,34,6,10
2543,271,6,37
2544,870,10,52
2545,191,3,29
2546,299,7,75
2547,357,1,16
2548,540,4,27
2549,637,4,14
2550,630,1,73
2551,30,4,92
2552,202,1,31
2553,674,6,89
2554,96,2,65
2555,384,8,63
2556,8,5,85
2557,165,6,45
2558,732,5,92
2559,357,4,15
2560,900,10,72
2561,807,9,73
2562,793,3,65
2563,873,2,38
2564,808,10,8
2565,316,8,90
2566,655,4,4
2567,676,3,60
2568,813,5,84
2569,39,2,46
2570,919,5,32
2571,445,5,27
2572,657,9,37
2573,896,8,42
2574,762,10,25
2575,683,2,71
2576,749,6,5
2577,30,2,6
2578,304,8,13
2579,273,1,96
2580,685,4,31
2581,704,4,37
2582,216,10,32
2583,44,8,25
2584,806,6,75
2585,723,2,44
2586,978,6,71
2587,368,6,34
2588,915,5,62
2589,670,6,25
2590,997,2,33
2591,501,8,78
2592,162,4,52
2593,385,6,34
2594,956,6,11
2595,163,8,91
2596,432,1,69
2597,858,1,43
2598,603,3,35
2599,685,8,96
2600,576,10,100
2601,110,3,91
2602,442,2,36
2603,942,10,58
2604,312,6,95
2605,466,7,47
2606,919,1,30
2607,575,9,40
2608,528,2,31
2609,454,6,29
2610,573,8,59
2611,172,6,19
2612,221,3,31
2613,871,10,74
2614,617,9,44
2615,317,9,95
2616,749,6,53
2617,244,2,70
2618,681,10,62
2619,324,1,21
2620,660,9,82
2621,556,8,89
2622,471,1,97
2623,483,10,68
2624,510,2,24
2625,335,1,82
2626,843,6,24
2627,43,8,21
2628,550,9,32
2629,109,9,65
2630,66,4,9
2631,563,7,76
2632,299,6,90
2633,41,6,48
2634,858,2,81
2635,852,4,63
2636,91,9,68
2637,116,2,71
2638,397,4,6
2639,304,6,91
2640,998,1,62
2641,678,3,96
2642,221,8,71
2643,264,5,84
2644,521,6,18
2645,113,4,34
2646,475,9,6
2647,665,8,52
2648,68,3,11
2649,465,6,29
2650,259,6,99
2651,927,7,62
2652,77,5,15
2653,700,5,75
2654,526,8,44
2655,643,3,18
2656,149,8,32
2657,924,8,27
2658,260,6,38
2659,582,2,40
2660,297,3,35
2661,962,2,18
2662,962,5,32
2663,154,4,18
2664,493,5,14
2665,733,8,48
2666,363,1,60
2667,684,2,86
2668,415,10,47
2669,739,8,57
2670,208,8,51
2671,325,6,46
2672,945,3,27
2673,979,7,6
2674,325,7,26
2675,299,5,56
2676,196,2,78
2677,449,3,45
2678,743,9,76
2679,985,10,57
2680,812,7,10
2681,339,2,38
2682,608,4,83
2683,728,3,16
2684,713,2,19
2685,176,9,69
2686,170,9,84
2687,752,2,80
2688,963,2,9
2689,338,2,74
2690,589,7,7
2691,972,1,70
2692,519,5,35
2693,617,7,63
2694,682,5,33
2695,955,8,63
2696,670,5,72
2697,908,3,98
2698,251,5,84
2699,53,5,4
2700,470,5,54
2701,891,4,84
2702,898,10,6
2703,642,9,6
2704,32,6,92
2705,849,3,28
2706,471,10,51
2707,965,10,57
2708,117,10,62
2709,636,4,15
2710,381,1,73
2711,280,2,60
2712,938,10,21
2713,724,4,24
2714,869,7,17
2715,450,9,27
2716,752,3,11
2717,602,10,92
2718,327,3,52
2719,539,6,92
2720,402,4,77
2721,318,3,37
2722,621,8,23
2723,285,3,99
2724,480,4,15
2725,966,3,76
2726,885,10,57
2727,812,6,81
2728,322,5,42
2729,780,9,33
2730,333,8,48
2731,277,2,5
2732,49,1,61
2733,496,6,39
2734,429,8,3
2735,769,8,70
2736,969,7,37
2737,237,2,66
2738,996,3,56
2739,198,1,79
2740,13,8,23
2741,477,10,76
2742,832,9,34
2743,851,7,20
2744,605,10,79
2745,544,1,89
2746,409,7,85
2747,828,3,5
2748,653,10,37
2749,28,8,92
2750,476,4,13
2751,197,8,34
2752,948,5,71
2753,670,1,66
2754,858,9,49
2755,289,5,26
2756,871,7,53
2757,250,10,63
2758,417,6,11
2759,499,2,86
2760,77,6,8
2761,945,1,57
2762,201,5,14
2763,612,1,58
2764,32,7,96
2765,518,5,59
2766,406,6,59
2767,738,6,44
2768,626,6,94
2769,789,9,40
2770,947,1,51
2771,576,10,33
2772,793,8,69
2773,393,6,26
2774,992,6,86
2775,529,10,79
2776,865,6,23
2777,294,5,41
2778,698,1,29
2779,383,9,60
2780,549,7,98
2781,285,10,32
2782,47,6,23
2783,889,2,9
2784,938,5,14
2785,629,1,87
2786,134,9,9
2787,837,3,56
2788,64,6,19
2789,422,4,4
2790,335,8,17
2791,63,3,58
2792,97,8,20
2793,689,4,62
2794,939,9,55
2795,52,10,32
2796,400,5,38
2797,584,1,29
2798,641,8,37
2799,784,9,74
2800,352,1,51
2801,86,8,53
2802,692,4,70
2803,957,8,1
2804,735,10,66
2805,626,7,94
2806,186,3,16
2807,780,5,50
2808,107,3,59
2809,520,3,94
2810,246,8,23
2811,956,8,73
2812,51,2,91
2813,157,4,9
2814,942,4,20
2815,962,6,25
2816,223,1,71
2817,937,2,67
2818,935,8,94
2819,300,6,59
2820,579,9,62
2821,962,10,87
2822,685,9,31
2823,32,5,62
2824,532,8,47
2825,940,10,9
2826,866,1,48
2827,295,4,74
2828,183,8,40
2829,646,5,49
2830,118,2,52
2831,949,7,68
2832,952,6,98
2833,758,5,46
2834,803,4,66
2835,226,8,38
2836,373,10,13
2837,640,3,95
2838,791,6,9
2839,265,8,9
2840,934,4,55
2841,618,6,46
2842,705,7,48
2843,763,10,100
2844,257,9,14
2845,137,4,69
2846,905,5,43
2847,840,9,15
2848,322,1,50
2849,383,4,1
2850,920,7,69
2851,168,8,77
2852,310,5,17
2853,736,9,1
2854,968,9,47
2855,779,5,28
2856,690,9,92
2857,740,1,93
2858,409,7,83
2859,902,3,32
2860,549,8,30
2861,705,4,36
2862,16,7,75
2863,595,6,57
2864,614,7,47
2865,193,1,11
2866,570,3,19
2867,724,1,23
2868,75,1,59
2869,438,2,16
2870,678,6,27
2871,167,10,57
2872,335,2,16
2873,206,5,30
2874,253,6,54
2875,345,9,79
2876,97,3,28
2877,37,8,36
2878,653,7,89
2879,588,4,47
2880,908,5,39
2881,868,6,5
2882,1000,3,62
2883,914,3,65
2884,337,4,7
2885,198,9,36
2886,92,4,9
2887,458,1,89
2888,102,5,6
2889,370,4,96
2890,613,7,95
2891,53,3,61
2892,405,4,69
2893,106,4,66
2894,263,6,30
2895,52,4,76
2896,603,4,7
2897,771,7,7
2898,907,2,44
2899,982,4,65
2900,628,10,21
2901,587,10,95
2902,868,9,47
2903,216,10,77
2904,68,10,37
2905,482,8,28
2906,407,4,64
2907,259,1,17
2908,400,9,35
2909,1,5,76
2910,92,5,59
2911,24,9,79
2912,719,8,95
2913,253,7,84
2914,400,6,96
2915,166,10,30
2916,630,5,58
2917,940,7,93
2918,792,8,90
2919,386,10,10
2920,394,2,15
2921,948,9,47
2922,980,8,73
2923,859,7,42
2924,517,4,85
2925,554,10,61
2926,816,6,13
2927,323,2,18
2928,909,7,91
2929,858,9,98
2930,120,10,40
2931,896,9,86
2932,958,3,49
2933,140,7,41
2934,196,10,29
2935,70,5,60
2936,667,10,27
2937,848,5,80
2938,318,4,8
2939,720,5,34
2940,678,1,8
2941,562,1,81
2942,661,5,39
2943,626,6,23
2944,202,8,21
2945,870,9,49
2946,473,6,67
2947,373,4,21
2948,742,4,49
2949,737,9,29
2950,828,3,24
2951,95,10,56
2952,740,3,90
2953,187,7,3
2954,805,8,67
2955,43,6,77
2956,392,5,35
2957,272,2,46
2958,755,8,40
2959,362,6,13
2960,260,4,54
2961,777,2,85
2962,1000,6,47
2963,931,6,95
2964,19,5,76
2965,118,4,47
2966,781,2,3
2967,667,1,30
2968,196,3,59
2969,951,8,12
2970,699,6,42
2971,996,4,7
2972,100,1,98
2973,872,8,94
2974,280,3,5
2975,478,4,61
2976,823,3,13
2977,863,7,4
2978,593,2,38
2979,734,6,83
2980,290,7,88
2981,972,10,91
2982,673,1,38
2983,486,1,44
2984,528,9,2
2985,864,9,3
2986,587,3,64
2987,83,1,57
2988,900,3,32
2989,315,3,42
2990,813,3,86
2991,21,6,17
2992,628,8,60
2993,180,5,23
2994,609,9,68
2995,873,5,100
2996,726,3,56
2997,745,5,55
2998,948,9,92
2999,406,9,25
3000,571,6,25
3001,508,4,25
3002,360,4,28
3003,241,8,60
3004,788,5,52
3005,154,3,51
3006,395,2,10
3007,846,5,37
3008,642,4,80
3009,963,6,50
3010,419,4,14
3011,208,4,79
3012,636,5,96
3013,185,9,39
3014,924,5,32
3015,702,7,41
3016,673,1,62
3017,752,3,57
3018,998,6,69
3019,292,10,54
3020,844,4,62
3021,645,2,50
3022,224,9,83
3023,907,9,26
3024,368,1,40
3025,655,8,6
3026,913,2,31
3027,446,2,6
3028,277,2,38
3029,519,6,38
3030,687,7,37
3031,346,5,72
3032,246,7,98
3033,443,7,20
3034,887,9,55
3035,117,10,80
3036,499,5,50
3037,223,10,8
3038,67,6,56
3039,921,5,33
3040,627,9,2
3041,287,10,55
3042,971,3,26
3043,688,2,19
3044,653,6,12
3045,103,7,85
3046,783,9,72
3047,884,3,16
3048,434,8,94
3049,19,1,75
3050,859,6,55
3051,477,6,46
3052,89,1,70
3053,698,4,49
3054,974,3,14
3055,395,3,46
3056,892,2,86
3057,466,6,70
3058,542,10,13
3059,325,3,38
3060,366,9,98
3061,145,7,99
3062,196,7,93
3063,180,1,87
3064,85,10,75
3065,844,7,45
3066,850,7,76
3067,217,7,77
3068,907,2,66
3069,167,6,79
3070,172,1,20
3071,142,9,52
3072,803,4,91
3073,321,2,12
3074,363,4,56
3075,239,10,48
3076,990,9,55
3077,412,4,66
3078,34,3,3
3079,990,8,60
3080,958,10,3
3081,407,4,56
3082,625,10,1
3083,256,8,91
3084,328,6,64
3085,206,6,13
3086,929,8,59
3087,239,8,98
3088,537,9,100
3089,796,7,44
3090,240,4,96
3091,36,2,91
3092,300,2,51
3093,633,6,76
3094,5,8,62
3095,392,6,100
3096,663,8,84
3097,102,4,7
3098,311,10,33
3099,17,1,36
3100,775,8,48
3101,881,5,38
3102,633,8,16
3103,317,1,77
3104,727,8,33
3105,38,9,69
3106,571,6,30
3107,427,8,75
3108,691,3,33
3109,845,5,73
3110,426,8,39
3111,496,9,64
3112,66,10,53
3113,688,3,61
3114,237,9,48
3115,746,3,62
3116,173,10,49
3117,318,1,79
3118,108,9,33
3119,177,9,80
3120,671,3,24
3121,801,8,23
3122,873,8,63
3123,387,10,40
3124,67,6,78
3125,98,10,17
3126,170,3,6
3127,521,10,3
3128,437,4,39
3129,274,6,34
3130,49,1,19
3131,83,5,54
3132,952,1,41
3133,89,7,88
3134,367,1,79
3135,149,4,47
3136,945,10,60
3137,562,9,31
3138,194,5,61
3139,761,2,85
3140,732,4,45
3141,648,9,71
3142,757,2,76
3143,37,6,22
3144,923,4,89
3145,475,4,80
3146,186,1,98
3147,39,5,95
3148,212,8,35
3149,576,8,85
3150,287,8,43
3151,43,7,76
3152,583,7,86
3153,404,3,81
3154,411,4,33
3155,902,3,87
3156,227,5,59
3157,152,8,69
3158,837,5,34
3159,273,3,68
3160,835,2,2
3161,507,9,88
3162,453,4,87
3163,795,7,27
3164,990,2,43
3165,91,8,69
3166,408,8,15
3167,691,3,18
3168,770,10,26
3169,901,1,13
3170,649,7,43
3171,641,5,18
3172,112,6,18
3173,290,3,34
3174,234,7,6
3175,904,3,42
3176,277,6,77
3177,304,1,31
3178,589,6,75
3179,263,8,6
3180,696,9,17
3181,332,3,88
3182,350,6,97
3183,295,10,58
3184,519,4,62
3185,175,8,42
3186,464,3,29
3187,668,7,29
3188,156,6,7
3189,936,10,84
3190,425,4,83
3191,87,6,33
3192,93,4,77
3193,555,3,20
3194,430,7,54
3195,789,10,43
3196,333,9,47
3197,973,8,76
3198,297,1,80
3199,481,5,74
3200,608,9,39
3201,857,4,67
3202,820,6,15
3203,6,2,98
3204,534,4,11
3205,666,2,70
3206,483,10,12
3207,759,4,14
3208,37,4,48
3209,993,6,10
3210,404,7,2
3211,847,6,11
3212,892,8,85
3213,265,8,33
3214,947,1,98
3215,740,8,61
3216,786,1,23
3217,942,9,54
3218,30,2,99
3219,118,9,47
3220,205,1,4
3221,980,8,39
3222,163,8,46
3223,751,1,97
3224,376,10,54
3225,604,1,24
3226,232,8,97
3227,101,4,65
3228,478,4,76
3229,120,2,86
3230,280,10,60
3231,997,7,59
3232,64,5,16
3233,371,8,17
3234,294,1,2
3235,588,7,80
3236,15,6,86
3237,217,4,79
3238,327,10,93
3239,174,2,76
3240,243,3,51
3241,801,1,96
3242,391,1,11
3243,548,5,90
3244,994,5,78
3245,152,2,30
3246,726,7,61
3247,11,2,42
3248,283,2,21
3249,440,6,54
3250,702,6,47
3251,230,2,28
3252,255,3,57
3253,440,8,77
3254,587,7,65
3255,47,4,81
3256,475,8,76
3257,618,5,88
3258,975,4,91
3259,120,6,26
3260,237,2,4
3261,460,9,26
3262,330,3,58
3263,571,5,51
3264,564,10,81
3265,362,2,79
3266,785,5,99
3267,51,4,52
3268,73,10,75
3269,798,1,39
3270,725,4,31
3271,34,9,1
3272,778,3,59
3273,529,10,5
3274,217,3,53
3275,565,5,51
3276,701,6,20
3277,934,1,72
3278,941,6,9
3279,177,9,87
3280,327,10,67
3281,110,8,2
3282,335,4,40
3283,436,5,36
3284,986,2,39
3285,161,2,30
3286,405,4,19
3287,67,7,62
3288,740,9,4
3289,440,2,78
3290,780,8,50
3291,314,8,25
3292,146,4,67
3293,578,8,63
3294,772,5,55
3295,509,2,97
3296,357,2,89
3297,192,7,45
3298,306,10,27
3299,652,9,72
3300,871,9,85
3301,663,1,51
3302,835,6,71
3303,942,3,20
3304,914,2,20
3305,178,5,55
3306,860,3,16
3307,650,3,43
3308,722,2,88
3309,435,5,50
3310,509,7,36
3311,328,6,54
3312,296,2,4
3313,581,9,53
3314,415,3,59
3315,205,9,60
3316,664,7,65
3317,209,8,97
3318,280,5,54
3319,158,7,56
3320,61,8,26
3321,954,6,85
3322,182,4,54
3323,529,9,63
3324,887,3,86
3325,329,7,13
3326,665,7,18
3327,88,5,75
3328,771,2,15
3329,229,6,41
3330,128,6,18
3331,806,8,30
3332,555,6,53
3333,618,8,77
3334,300,1,67
3335,244,4,52
3336,569,1,69
3337,1000,7,76
3338,951,7,86
3339,555,6,21
3340,345,8,38
3341,970,8,68
3342,986,2,38
3343,609,1,99
3344,847,6,57
3345,658,5,93
3346,148,10,83
3347,89,10,40
3348,800,10,65
3349,680,7,15
3350,705,8,48
3351,258,8,28
3352,394,7,36
3353,825,10,35
3354,491,1,23
3355,687,9,34
3356,925,7,92
3357,868,1,59
3358,842,3,86
3359,233,4,95
3360,340,7,19
3361,133,6,23
3362,730,5,50
3363,82,1,48
3364,813,3,61
3365,879,9,68
3366,26,4,19
3367,800,5,89
3368,903,2,98
3369,198,8,3
3370,648,1,67
3371,706,4,21
3372,324,6,89
3373,381,4,79
3374,214,4,2
3375,474,7,68
3376,850,10,59
3377,564,7,71
3378,704,5,24
3379,155,2,85
3380,775,5,30
3381,556,1,31
3382,412,9,53
3383,210,7,74
3384,817,9,98
3385,255,10,59
3386,8,6,78
3387,760,9,91
3388,144,9,19
3389,142,4,82
3390,362,6,77
3391,762,7,91
3392,431,9,100
3393,338,9,46
3394,635,6,36
3395,211,3,23
3396,836,3,43
3397,507,7,27
3398,895,8,100
3399,791,5,33
3400,672,1,86
3401,702,2,16
3402,758,10,22
3403,162,3,73
3404,543,6,9
3405,713,3,67
3406,92,7,14
3407,693,7,13
3408,355,2,86
3409,202,9,23
3410,550,3,7
3411,421,3,27
3412,486,5,15
3413,41,7,53
3414,812,1,32
3415,973,5,74
3416,778,2,92
3417,538,8,99
3418,492,10,67
3419,79,8,68
3420,301,4,45
3421,511,7,78
3422,428,7,85
3423,813,7,19
3424,445,3,11
3425,737,1,68
3426,260,9,1
3427,54,4,13
3428,146,6,63
3429,310,3,12
3430,381,1,21
3431,815,5,92
3432,626,5,80
3433,366,6,60
3434,643,7,25
3435,622,6,31
3436,388,2,56
3437,835,5,29
3438,55,4,69
3439,633,3,16
3440,431,1,29
3441,66,3,56
3442,228,4,84
3443,494,1,66
3444,818,8,68
3445,533,2,33
3446,655,4,18
3447,527,6,90
3448,406,2,62
3449,446,2,90
3450,907,5,29
3451,595,3,19
3452,434,10,94
3453,574,9,73
3454,565,8,23
3455,20,5,66
3456,608,9,87
3457,489,4,36
3458,812,5,32
3459,826,1,82
3460,731,8,31
3461,744,3,44
3462,971,9,42
3463,635,9,13
3464,378,5,13
3465,934,2,23
3466,889,9,30
3467,903,8,82
3468,878,10,39
3469,27,5,56
3470,215,7,52
3471,831,1,82
3472,160,8,9
3473,661,8,91
3474,1000,8,28
3475,763,5,98
3476,157,4,35
3477,71,9,39
3478,448,6,4
3479,63,10,17
3480,660,5,5
3481,737,8,96
3482,721,8,93
3483,185,10,35
3484,888,1,74
3485,120,5,81
3486,621,10,5
3487,212,8,85
3488,702,8,68
3489,732,8,40
3490,248,3,49
3491,531,2,22
3492,722,4,96
3493,160,10,35
3494,114,10,96
3495,586,6,78
3496,989,1,89
3497,674,5,16
3498,862,8,44
3499,714,9,68
3500,316,8,79
3501,453,8,31
3502,173,10,6
3503,959,8,70
3504,312,8,96
3505,161,4,14
3506,427,5,78
3507,854,3,54
3508,992,9,69
3509,694,5,80
3510,875,4,62
3511,784,1,29
3512,175,7,68
3513,747,1,73
3514,19,4,100
3515,171,8,94
3516,103,9,39
3517,723,3,13
3518,936,3,59
3519,804,1,27
3520,743,3,16
3521,367,4,78
3522,239,9,74
3523,191,5,95
3524,587,5,55
3525,607,1,41
3526,948,7,35
3527,751,7,57
3528,772,4,29
3529,748,1,61
3530,179,5,49
3531,619,2,38
3532,806,6,66
3533,574,5,37
3534,790,2,49
3535,816,8,90
3536,198,10,21
3537,596,10,97
3538,668,2,90
3539,138,4,64
3540,350,3,47
3541,334,3,42
3542,327,1,20
3543,950,10,42
3544,416,10,37
3545,394,10,39
3546,793,3,67
3547,894,1,1
3548,339,7,38
3549,218,10,61
3550,603,9,48
3551,2,1,63
3552,577,1,4
3553,813,9,2
3554,484,5,3
3555,556,6,77
3556,137,9,100
3557,884,5,3
3558,973,9,13
3559,557,5,21
3560,260,3,48
3561,105,10,13
3562,804,4,93
3563,711,6,9
3564,758,5,72
3565,835,4,66
3566,719,9,18
3567,997,8,75
3568,76,7,6
3569,478,2,67
3570,461,5,55
3571,6,5,76
3572,928,2,79
3573,144,10,97
3574,176,8,2
3575,937,10,2
3576,2,8,30
3577,935,2,27
3578,619,3,3
3579,359,1,42
3580,777,1,5
3581,214,9,41
3582,398,4,6
3583,829,1,99
3584,295,3,19
3585,95,7,85
3586,335,4,69
3587,213,8,78
3588,751,5,56
3589,896,8,73
3590,883,7,10
3591,483,3,35
3592,629,7,99
3593,751,3,4
3594,427,3,37
3595,802,2,77
3596,964,1,51
3597,233,4,83
3598,958,3,39
3599,406,3,40
3600,734,2,80
3601,431,9,78
3602,778,1,1
3603,727,4,21
3604,554,10,71
3605,574,2,65
3606,437,6,96
3607,636,8,80
3608,773,9,59
3609,761,7,28
3610,818,8,23
3611,195,9,47
3612,242,7,84
3613,761,1,69
3614,664,10,73
3615,595,8,24
3616,635,1,1
3617,794,9,65
3618,558,3,69
3619,204,1,59
3620,140,2,43
3621,77,5,77
3622,927,2,56
3623,479,9,58
3624,702,2,55
3625,861,10,28
3626,219,3,13
3627,286,4,58
3628,922,5,84
3629,383,7,26
3630,378,5,72
3631,790,8,15
3632,461,8,98
3633,177,1,91
3634,930,1,31
3635,447,10,71
3636,978,7,67
3637,755,9,73
3638,980,8,24
3639,404,4,44
3640,383,3,100
3641,421,4,23
3642,438,5,67
3643,322,8,41
3644,448,2,38
3645,195,6,53
3646,350,7,9
3647,338,10,75
3648,933,3,27
3649,593,3,12
3650,736,1,78
3651,329,1,97
3652,485,7,78
3653,901,1,65
3654,871,5,53
3655,70,3,92
3656,175,3,8
3657,735,4,22
3658,532,3,53
3659,607,10,14
3660,444,2,14
3661,702,6,56
3662,226,2,88
3663,162,5,3
3664,901,1,26
3665,461,9,11
3666,846,2,87
3667,665,7,100
3668,133,9,74
3669,204,8,27
3670,493,4,70
3671,208,3,75
3672,417,2,21
3673,702,2,86
3674,392,4,61
3675,712,9,10
3676,585,1,27
3677,882,8,21
3678,940,2,9
3679,710,8,70
3680,606,6,37
3681,575,3,71
3682,692,7,27
3683,295,4,35
3684,539,1,37
3685,454,7,66
3686,433,2,51
3687,910,5,69
3688,14,1,89
3689,847,3,90
3690,94,9,18
3691,415,3,81
3692,760,6,78
3693,756,1,80
3694,4,8,7
3695,962,4,98
3696,314,4,95
3697,995,3,86
3698,765,4,96
3699,695,10,24
3700,768,8,36
3701,286,10,12
3702,31,4,97
3703,667,1,59
3704,308,2,47
3705,749,5,18
3706,242,9,22
3707,547,4,88
3708,842,3,86
3709,577,8,40
3710,181,7,95
3711,824,2,4
3712,143,1,12
3713,265,8,98
3714,110,2,1
3715,549,10,38
3716,226,7,45
3717,398,1,4
3718,468,4,9
3719,270,3,54
3720,569,6,88
3721,449,7,26
3722,21,10,15
3723,875,10,97
3724,485,1,78
3725,936,3,28
3726,279,6,13
3727,556,6,20
3728,867,2,45
3729,990,9,79
3730,337,8,24
3731,582,8,31
3732,149,6,82
3733,480,9,66
3734,622,10,31
3735,393,2,21
3736,65,4,82
3737,647,8,8
3738,679,5,29
3739,901,7,27
3740,692,6,44
3741,206,5,32
3742,807,9,64
3743,222,3,15
3744,897,8,74
3745,511,7,97
3746,531,3,20
3747,340,5,1
3748,464,10,13
3749,213,5,9
3750,696,8,21
3751,534,2,85
3752,403,2,89
3753,605,9,55
3754,214,6,7
3755,574,10,15
3756,808,7,92
3757,218,4,63
3758,333,5,84
3759,215,4,90
3760,751,4,4
3761,95,10,26
3762,596,4,34
3763,779,5,99
3764,780,4,98
3765,328,10,21
3766,599,2,34
3767,152,7,74
3768,357,8,6
3769,883,5,15
3770,946,3,9
3771,802,1,10
3772,927,8,90
3773,948,3,21
3774,453,10,3
3775,446,8,43
3776,169,7,74
3777,262,3,84
3778,23,8,16
3779,456,2,22
3780,952,4,43
3781,402,10,100
3782,8,5,71
3783,463,10,68
3784,384,2,53
3785,901,2,39
3786,733,1,82
3787,342,2,27
3788,487,7,58
3789,14,2,79
3790,506,4,32
3791,802,9,5
3792,675,10,82
3793,939,8,5
3794,424,6,79
3795,521,3,31
3796,588,10,43
3797,208,3,15
3798,587,6,6
3799,95,4,13
3800,924,1,71
3801,809,1,10
3802,977,9,100
3803,520,10,23
3804,710,9,17
3805,954,6,64
3806,1,8,17
3807,142,4,85
3808,346,1,41
3809,616,10,25
3810,142,2,55
3811,324,7,6
3812,994,3,37
3813,390,6,16
3814,88,9,43
3815,85,10,100
3816,860,2,36
3817,884,10,4
3818,435,5,88
3819,160,4,28
3820,275,1,33
3821,636,10,64
3822,577,6,21
3823,121,5,19
3824,883,7,92
3825,230,9,70
3826,349,3,27
3827,561,9,52
3828,210,8,41
3829,477,1,78
3830,95,7,36
3831,531,8,44
3832,878,5,79
3833,634,3,76
3834,244,1,86
3835,910,6,26
3836,698,1,34
3837,972,8,77
3838,328,2,69
3839,593,5,26
3840,494,10,69
3841,690,4,32
3842,566,1,96
3843,538,2,75
3844,750,3,90
3845,455,3,82
3846,293,4,99
3847,148,7,18
3848,576,1,76
3849,458,5,16
3850,334,5,90
3851,376,8,39
3852,141,4,8
3853,700,7,95
3854,978,1,27
3855,59,8,76
3856,495,8,31
3857,103,4,2
3858,54,10,8
3859,340,5,70
3860,745,8,84
3861,960,7,28
3862,798,3,51
3863,616,2,57
3864,782,3,43
3865,36,9,56
3866,64,10,8
3867,154,10,21
3868,523,8,91
3869,938,5,41
3870,86,6,19
3871,178,6,87
3872,642,6,78
3873,81,2,97
3874,273,5,86
3875,280,2,71
3876,300,3,30
3877,489,3,34
3878,417,5,99
3879,656,7,93
3880,151,8,20
3881,890,2,31
3882,839,10,34
3883,902,6,96
3884,231,4,57
3885,235,5,55
3886,531,4,13
3887,945,7,74
3888,606,6,67
3889,701,6,84
3890,896,10,28
3891,156,7,1
3892,592,3,7
3893,908,10,57
3894,222,2,42
3895,218,5,81
3896,728,2,80
3897,212,4,39
3898,911,10,6
3899,536,4,48
3900,642,3,36
3901,900,7,39
3902,550,7,81
3903,6,7,71
3904,746,6,50
3905,49,4,68
3906,801,7,77
3907,318,9,14
3908,791,8,46
3909,138,2,48
3910,336,9,30
3911,996,9,8
3912,946,6,69
3913,673,9,74
3914,499,10,75
3915,221,7,60
3916,975,4,58
3917,407,3,47
3918,673,8,37
3919,220,1,55
3920,973,5,80
3921,170,7,41
3922,853,2,45
3923,897,3,76
3924,956,2,48
3925,545,2,75
3926,3,3,66
3927,62,7,90
3928,341,4,16
3929,547,9,96
3930,529,5,60
3931,260,3,84
3932,113,3,13
3933,450,5,42
3934,938,1,53
3935,236,1,90
3936,841,2,37
3937,630,5,94
3938,312,9,50
3939,304,3,54
3940,429,4,64
3941,93,2,56
3942,349,8,67
3943,457,9,66
3944,788,10,14
3945,160,9,18
3946,721,1,9
3947,145,6,6
3948,264,8,55
3949,936,2,10
3950,977,2,5
3951,718,7,46
3952,151,6,13
3953,340,8,36
3954,380,1,66
3955,713,5,49
3956,295,2,15
3957,327,3,85
3958,493,1,76
3959,371,3,39
3960,992,5,38
3961,11,10,20
3962,803,9,32
3963,844,4,56
3964,984,3,98
3965,284,4,86
3966,448,2,41
3967,624,4,46
3968,296,6,86
3969,760,1,91
3970,313,2,26
3971,987,8,26
3972,817,4,19
3973,836,7,63
3974,540,4,95
3975,731,7,78
3976,581,4,58
3977,797,2,63
3978,164,8,98
3979,223,2,54
3980,678,3,58
3981,939,7,94
3982,654,3,5
3983,906,10,58
3984,493,2,22
3985,195,7,25
3986,978,2,20
3987,961,2,45
3988,16,1,45
3989,87,5,63
3990,529,5,58
3991,437,6,40
3992,810,3,40
3993,278,3,35
3994,802,6,85
3995,707,8,12
3996,652,10,2
3997,591,1,69
3998,195,1,1
3999,331,9,47
4000,892,1,79
4001,877,5,86
4002,460,10,30
4003,174,8,65
4004,442,1,68
4005,414,7,73
4006,526,10,93
4007,976,3,94
4008,111,5,59
4009,801,5,42
4010,761,10,69
4011,327,9,43
4012,188,1,32
4013,98,8,88
4014,767,1,6
4015,237,1,72
4016,853,6,61
4017,533,9,28
4018,99,8,2
4019,177,4,98
4020,632,3,29
4021,516,2,14
4022,940,1,40
4023,746,1,16
4024,285,8,78
4025,596,5,9
4026,18,3,56
4027,249,2,43
4028,702,1,31
4029,46,1,46
4030,807,6,81
4031,39,9,28
4032,874,9,32
4033,824,1,7
4034,363,7,68
4035,97,3,27
4036,520,1,17
4037,948,10,55
4038,195,10,90
4039,174,9,55
4040,390,1,79
4041,773,6,36
4042,331,1,45
4043,953,2,26
4044,415,4,26
4045,170,7,61
4046,183,3,33
4047,944,8,6
4048,436,8,83
4049,277,7,86
4050,998,8,30
4051,983,9,65
4052,852,5,18
4053,501,2,62
4054,986,9,14
4055,694,10,52
4056,342,4,26
4057,954,2,47
4058,754,3,76
4059,295,6,15
4060,593,8,55
4061,781,10,59
4062,953,9,7
4063,131,1,25
4064,436,7,51
4065,795,7,14
4066,852,5,66
4067,769,10,26
4068,984,5,94
4069,249,9,4
4070,121,10,87
4071,359,2,61
4072,90,5,34
4073,57,5,54
4074,722,4,27
4075,175,7,76
4076,107,2,3
4077,763,1,88
4078,161,9,88
4079,495,9,23
4080,448,7,47
4081,614,2,84
4082,877,3,30
4083,466,6,12
4084,793,2,100
4085,66,1,18
4086,995,4,77
4087,109,7,31
4088,741,8,33
4089,371,8,55
4090,215,1,87
4091,285,6,96
4092,519,9,67
4093,607,4,37
4094,651,5,83
4095,825,7,67
4096,33,10,9
4097,112,4,61
4098,702,10,95
4099,776,8,10
4100,541,6,98
4101,469,9,66
4102,163,8,4
4103,923,8,16
4104,888,10,51
4105,284,6,83
4106,165,10,74
4107,180,8,46
4108,490,2,76
4109,519,8,8
4110,387,9,86
4111,353,8,99
4112,125,8,18
4113,490,3,10
4114,410,9,56
4115,406,6,76
4116,182,3,75
4117,487,9,89
4118,427,3,54
4119,433,1,64
4120,235,1,1
4121,51,5,14
4122,90,3,25
4123,715,5,66
4124,312,8,36
4125,827,2,75
4126,473,10,61
4127,338,10,67
4128,314,7,91
4129,269,5,44
4130,817,1,50
4131,778,6,13
4132,362,4,47
4133,192,9,6
4134,96,7,67
4135,138,1,36
4136,757,10,94
4137,681,4,47
4138,507,6,72
4139,457,8,61
4140,586,4,15
4141,873,7,12
4142,964,7,72
4143,977,1,20
4144,768,5,85
4145,55,7,5
4146,779,9,48
4147,704,8,63
4148,859,3,27
4149,398,8,85
4150,495,6,30
4151,830,8,46
4152,849,6,46
4153,940,10,92
4154,952,2,65
4155,139,5,76
4156,444,8,58
4157,675,8,92
4158,645,5,16
4159,180,5,35
4160,336,2,30
4161,113,9,72
4162,734,2,47
4163,447,1,5
4164,297,8,56
4165,920,9,7
4166,59,7,29
4167,897,5,12
4168,244,10,6
4169,468,1,48
4170,991,3,96
4171,637,3,16
4172,427,7,42
4173,740,1,12
4174,721,8,26
4175,790,7,56
4176,289,3,62
4177,824,5,28
4178,350,10,67
4179,676,6,20
4180,845,2,65
4181,887,2,87
4182,104,8,40
4183,57,1,85
4184,959,8,75
4185,847,1,78
4186,914,7,9
4187,359,8,74
4188,952,2,47
4189,983,3,27
4190,649,8,36
4191,385,7,3
4192,167,2,37
4193,345,1,37
4194,829,7,47
4195,628,1,12
4196,619,8,93
4197,628,7,40
4198,961,7,79
4199,900,9,36
4200,786,9,30
4201,62,1,21
4202,806,6,75
4203,662,1,61
4204,851,7,80
4205,754,8,26
4206,864,9,34
4207,410,2,64
4208,432,4,9
4209,221,7,51
4210,713,1,84
4211,245,9,31
4212,121,4,75
4213,31,1,11
4214,817,3,27
4215,181,3,76
4216,630,8,97
4217,27,2,97
4218,65,10,85
4219,577,6,85
4220,518,8,60
4221,174,10,31
4222,981,1,11
4223,621,3,86
4224,767,2,4
4225,708,3,15
4226,999,6,27
4227,983,6,54
4228,845,10,17
4229,891,5,43
4230,410,1,54
4231,715,5,96
4232,792,8,52
4233,371,3,99
4234,375,2,31
4235,294,6,70
4236,800,9,36
4237,596,7,51
4238,175,1,1
4239,447,9,9
4240,38,6,28
4241,94,9,94
4242,869,3,34
4243,440,7,3
4244,177,7,75
4245,899,2,33
4246,676,10,97
4247,915,2,5
4248,772,3,16
4249,252,8,9
4250,295,2,37
4251,60,5,34
4252,934,6,71
4253,539,9,73
4254,720,2,70
4255,520,9,40
4256,472,4,26
4257,414,6,87
4258,543,2,98
4259,664,5,32
4260,40,2,37
4261,103,10,75
4262,101,3,1
4263,930,2,29
4264,319,10,91
4265,906,4,97
4266,68,10,77
4267,141,8,79
4268,791,3,52
4269,568,4,61
4270,316,2,55
4271,142,4,62
4272,114,3,25
4273,423,8,79
4274,462,10,91
4275,370,9,18
4276,457,2,52
4277,229,8,55
4278,325,7,66
4279,656,1,11
4280,628,4,21
4281,23,2,60
4282,991,7,51
4283,286,3,81
4284,724,5,32
4285,185,6,29
4286,198,10,10
4287,258,6,39
4288,84,10,41
4289,770,2,24
4290,147,8,84
4291,607,6,61
4292,543,6,98
4293,604,7,17
4294,104,4,82
4295,261,6,13
4296,527,6,24
4297,803,8,6
4298,599,4,52
4299,860,2,64
4300,985,4,100
4301,834,2,47
4302,965,5,52
4303,372,9,29
4304,881,5,95
4305,129,8,30
4306,253,1,79
4307,298,2,67
4308,690,8,28
4309,352,8,66
4310,17,10,1
4311,938,1,97
4312,526,8,35
4313,383,2,28
4314,528,6,91
4315,36,6,22
4316,954,1,34
4317,845,5,92
4318,736,10,59
4319,718,5,16
4320,692,2,31
4321,101,1,72
4322,226,1,83
4323,38,6,94
4324,51,3,17
4325,470,3,72
4326,945,6,15
4327,307,4,100
4328,366,3,38
4329,314,4,90
4330,691,2,5
4331,569,9,21
4332,32,8,91
4333,718,9,96
4334,458,3,45
4335,322,6,79
4336,165,2,67
4337,845,4,54
4338,644,8,93
4339,842,4,17
4340,397,9,58
4341,354,10,11
4342,525,8,65
4343,255,5,35
4344,547,1,85
4345,115,5,23
4346,21,6,16
4347,132,4,40
4348,163,8,54
4349,990,1,35
4350,240,1,31
4351,292,4,73
4352,870,2,50
4353,927,5,92
4354,900,1,34
4355,264,3,2
4356,227,2,76
4357,619,4,64
4358,510,3,10
4359,111,1,62
4360,76,9,61
4361,608,4,56
4362,340,8,48
4363,338,10,12
4364,925,3,34
4365,34,9,14
4366,305,1,54
4367,896,3,38
4368,984,1,4
4369,493,4,54
4370,548,8,22
4371,617,7,81
4372,276,10,85
4373,718,5,14
4374,81,10,24
4375,7,8,67
4376,164,3,52
4377,592,4,81
4378,487,8,18
4379,313,3,82
4380,9,8,96
4381,206,6,86
4382,952,4,87
4383,974,8,84
4384,441,3,69
4385,246,10,97
4386,566,1,67
4387,265,8,64
4388,997,7,82
4389,131,7,66
4390,27,8,23
4391,341,5,19
4392,904,7,49
4393,91,7,28
4394,167,8,66
4395,954,4,11
4396,721,6,85
4397,846,2,51
4398,790,2,97
4399,700,7,82
4400,51,3,34
4401,721,5,68
4402,972,2,47
4403,203,2,78
4404,823,6,31
4405,726,9,56
4406,897,5,73
4407,625,1,60
4408,20,9,8
4409,358,8,83
4410,412,2,69
4411,793,2,37
4412,553,7,2
4413,249,7,100
4414,620,7,99
4415,321,9,97
4416,458,3,41
4417,51,2,51
4418,824,2,33
4419,157,10,31
4420,668,3,93
4421,552,3,90
4422,662,2,94
4423,195,7,58
4424,891,2,54
4425,406,10,9
4426,651,8,47
4427,141,3,97
4428,655,1,96
4429,504,10,15
4430,731,8,49
4431,276,10,94
4432,229,8,28
4433,938,2,11
4434,819,6,11
4435,122,5,97
4436,37,1,54
4437,322,2,65
4438,442,6,35
4439,703,10,25
4440,505,3,32
4441,856,4,41
4442,907,8,36
4443,707,4,65
4444,409,6,77
4445,149,5,77
4446,696,1,68
4447,200,3,56
4448,905,7,72
4449,763,4,10
4450,518,3,57
4451,800,9,94
4452,291,5,68
4453,890,8,53
4454,263,9,68
4455,756,8,23
4456,116,1,39
4457,3,10,67
4458,650,9,46
4459,588,2,5
4460,425,7,93
4461,114,9,88
4462,380,8,18
4463,137,3,29
4464,104,9,70
4465,729,10,37
4466,968,2,36
4467,180,2,80
4468,478,6,95
4469,941,7,54
4470,642,4,29
4471,13,1,84
4472,671,9,4
4473,366,10,39
4474,678,7,88
4475,730,3,23
4476,195,3,98
4477,746,10,9
4478,850,3,74
4479,300,6,82
4480,390,2,6
4481,581,3,33
4482,531,1,35
4483,892,5,43
4484,673,6,85
4485,982,8,94
4486,109,1,19
4487,716,5,86
4488,580,4,40
4489,291,3,32
4490,858,6,63
4491,472,10,26
4492,996,10,73
4493,877,2,35
4494,45,4,37
4495,5,7,42
4496,524,8,76
4497,53,7,24
4498,620,10,19
4499,955,1,84
4500,980,5,16
4501,868,2,79
4502,378,1,73
4503,70,10,47
4504,984,5,10
4505,843,7,59
4506,897,8,84
4507,702,7,35
4508,619,5,4
4509,790,4,36
4510,135,2,4
4511,541,6,11
4512,27,8,25
4513,655,6,70
4514,154,3,97
4515,164,5,38
4516,314,8,9
4517,397,5,40
4518,55,4,29
4519,437,3,57
4520,53,2,6
4521,611,1,16
4522,47,9,14
4523,528,1,79
4524,279,2,70
4525,229,5,77
4526,270,2,30
4527,67,9,29
4528,661,3,79
4529,921,1,34
4530,955,9,5
4531,949,6,1
4532,327,9,77
4533,774,5,59
4534,813,10,27
4535,309,6,68
4536,430,2,23
4537,936,1,34
4538,209,5,16
4539,846,5,40
4540,524,2,87
4541,805,2,56
4542,337,9,84
4543,467,10,18
4544,343,4,67
4545,846,10,4
4546,137,10,5
4547,463,1,79
4548,184,7,76
4549,42,2,1
4550,699,9,35
4551,924,4,39
4552,4,1,33
4553,184,9,56
4554,295,10,72
4555,30,5,37
4556,451,6,27
4557,809,8,22
4558,326,1,84
4559,982,10,72
4560,904,1,71
4561,377,2,1
4562,323,4,93
4563,294,1,43
4564,755,1,26
4565,916,9,14
4566,365,8,6
4567,692,1,15
4568,434,10,10
4569,515,9,15
4570,813,10,28
4571,324,8,70
4572,431,8,4
4573,930,4,53
4574,543,3,40
4575,815,2,39
4576,182,8,46
4577,368,2,59
4578,397,2,46
4579,32,10,71
4580,384,4,96
4581,900,8,77
4582,603,2,55
4583,736,7,5
4584,980,5,56
4585,493,2,81
4586,467,6,44
4587,157,2,17
4588,718,1,29
4589,709,7,47
4590,972,5,23
4591,615,10,57
4592,702,7,63
4593,155,10,60
4594,597,4,12
4595,930,1,59
4596,982,8,84
4597,308,7,73
4598,2,2,43
4599,378,4,92
4600,598,8,52
4601,346,4,35
4602,331,3,14
4603,20,10,92
4604,317,5,57
4605,633,9,56
4606,109,10,77
4607,274,7,29
4608,571,2,70
4609,443,9,38
4610,222,6,32
4611,906,1,4
4612,879,3,32
4613,11,5,61
4614,958,3,37
4615,656,5,54
4616,974,1,87
4617,450,6,90
4618,580,7,19
4619,543,8,75
4620,809,5,20
4621,34,4,58
4622,59,2,50
4623,331,9,18
4624,478,2,36
4625,123,7,6
4626,987,2,51
4627,994,2,23
4628,854,3,39
4629,44,9,14
4630,933,4,53
4631,747,4,76
4632,434,3,10
4633,893,7,2
4634,109,6,46
4635,877,8,38
4636,858,2,63
4637,975,4,70
4638,36,7,77
4639,304,8,52
4640,171,7,67
4641,74,1,19
4642,228,2,26
4643,374,2,27
4644,410,9,7
4645,649,2,11
4646,560,7,39
4647,632,5,98
4648,5,2,17
4649,181,1,56
4650,955,5,54
4651,25,6,75
4652,153,8,90
4653,735,6,16
4654,227,5,91
4655,843,1,85
4656,205,9,2
4657,854,6,47
4658,327,10,34
4659,843,8,11
4660,139,2,20
4661,917,10,73
4662,321,9,11
4663,344,6,68
4664,748,2,54
4665,887,9,30
4666,92,10,64
4667,21,5,11
4668,616,7,88
4669,927,5,21
4670,500,3,2
4671,11,1,19
4672,292,10,21
4673,468,7,42
4674,578,5,39
4675,777,7,70
4676,410,4,9
4677,998,6,43
4678,824,2,27
4679,780,4,97
4680,99,9,91
4681,614,9,58
4682,303,9,45
4683,231,6,88
4684,56,2,68
4685,285,9,77
4686,469,8,10
4687,124,1,55
4688,807,6,71
4689,461,4,27
4690,2,2,62
4691,91,1,65
4692,997,6,32
4693,432,2,43
4694,734,1,2
4695,750,2,46
4696,751,9,69
4697,298,2,6
4698,878,6,54
4699,896,3,16
4700,608,6,10
4701,866,8,11
4702,856,5,92
4703,993,8,23
4704,612,2,90
4705,41,7,43
4706,868,7,70
4707,692,3,52
4708,447,7,29
4709,14,5,35
4710,688,9,18
4711,207,4,50
4712,697,4,12
4713,28,9,81
4714,307,8,16
4715,281,3,79
4716,327,8,70
4717,549,8,93
4718,572,7,55
4719,164,3,61
4720,714,8,3
4721,337,8,39
4722,511,8,21
4723,931,3,26
4724,319,3,14
4725,487,7,87
4726,510,2,99
4727,322,7,47
4728,539,10,96
4729,192,5,54
4730,379,8,64
4731,374,4,35
4732,511,3,40
4733,715,5,4
4734,612,7,91
4735,391,1,14
4736,356,3,1
4737,146,4,26
4738,462,4,94
4739,808,6,89
4740,7,4,80
4741,198,8,3
4742,170,8,86
4743,478,3,50
4744,517,7,53
4745,718,3,99
4746,146,7,96
4747,862,1,25
4748,689,8,49
4749,466,7,89
4750,491,4,66
4751,914,2,56
4752,803,10,14
4753,170,10,59
4754,973,7,34
4755,144,4,1
4756,207,5,73
4757,226,3,38
4758,330,4,82
4759,784,3,67
4760,275,2,10
4761,914,9,27
4762,427,2,21
4763,831,3,33
4764,434,8,83
4765,430,6,16
4766,404,9,86
4767,137,5,29
4768,920,3,94
4769,395,7,86
4770,18,5,49
4771,782,3,17
4772,319,5,44
4773,906,1,98
4774,771,2,31
4775,9,10,63
4776,106,1,86
4777,847,7,77
4778,612,1,51
4779,507,10,57
4780,719,8,79
4781,238,5,71
4782,896,1,37
4783,273,6,94
4784,419,5,77
4785,767,3,41
4786,860,5,63
4787,737,3,51
4788,972,3,81
4789,128,10,61
4790,622,5,47
4791,866,6,80
4792,533,4,14
4793,635,2,91
4794,741,2,24
4795,567,8,76
4796,677,3,76
4797,473,3,28
4798,8,8,72
4799,948,4,50
4800,851,5,80
4801,283,2,47
4802,512,1,6
4803,567,4,84
4804,978,10,48
4805,869,8,59
4806,484,4,55
4807,134,6,58
4808,560,3,68
4809,100,9,83
4810,922,8,66
4811,40,7,39
4812,821,7,72
4813,862,4,58
4814,287,6,39
4815,79,9,23
4816,321,5,92
4817,385,8,59
4818,733,3,85
4819,413,3,41
4820,241,4,46
4821,483,7,34
4822,743,7,14
4823,957,2,75
4824,520,2,16
4825,973,7,76
4826,662,2,84
4827,555,8,61
4828,784,5,54
4829,465,9,5
4830,310,10,47
4831,654,8,10
4832,877,10,19
4833,135,6,91
4834,791,5,35
4835,281,3,16
4836,39,7,8
4837,86,6,65
4838,395,3,18
4839,977,3,13
4840,286,9,68
4841,560,9,72
4842,707,5,2
4843,331,1,39
4844,176,7,80
4845,730,3,78
4846,392,6,29
4847,808,1,43
4848,885,9,52
4849,213,8,69
4850,34,2,63
4851,816,6,52
4852,796,3,58
4853,948,6,62
4854,557,1,32
4855,719,5,4
4856,783,7,5
4857,826,3,23
4858,587,3,98
4859,60,10,2
4860,287,5,16
4861,730,5,67
4862,665,4,6
4863,253,1,41
4864,101,8,79
4865,96,4,52
4866,719,3,9
4867,560,2,94
4868,299,5,10
4869,219,2,40
4870,947,2,85
4871,327,6,62
4872,560,4,84
4873,314,3,52
4874,717,7,88
4875,240,10,54
4876,503,10,96
4877,1,6,91
4878,407,1,62
4879,604,4,98
4880,682,4,73
4881,158,7,54
4882,780,4,83
4883,358,6,20
4884,854,5,46
4885,184,3,92
4886,496,5,54
4887,302,4,83
4888,234,3,76
4889,573,10,78
4890,572,4,49
4891,275,6,21
4892,205,9,32
4893,343,1,24
4894,77,1,96
4895,230,7,97
4896,766,2,34
4897,584,7,73
4898,701,2,59
4899,426,10,43
4900,842,7,41
4901,981,9,95
4902,975,6,31
4903,733,7,75
4904,301,7,3
4905,650,5,37
4906,411,6,19
4907,397,8,82
4908,936,5,57
4909,466,10,3
4910,932,8,36
4911,799,9,74
4912,159,2,29
4913,563,7,65
4914,896,3,27
4915,93,6,2
4916,591,8,49
4917,520,5,90
4918,833,7,72
4919,161,6,4
4920,699,10,63
4921,496,2,20
4922,619,3,21
4923,648,9,41
4924,598,2,82
4925,485,9,7
4926,634,8,50
4927,614,7,45
4928,885,4,84
4929,281,8,91
4930,630,6,74
4931,971,2,19
4932,442,8,9
4933,377,2,94
4934,171,10,82
4935,214,2,16
4936,787,4,3
4937,697,2,46
4938,863,7,44
4939,230,9,27
4940,735,8,98
4941,712,8,34
4942,474,9,78
4943,444,2,78
4944,855,3,12
4945,22,3,78
4946,821,5,21
4947,242,10,79
4948,852,4,46
4949,736,9,59
4950,74,9,48
4951,293,5,31
4952,532,6,94
4953,988,2,84
4954,862,5,71
4955,924,5,57
4956,520,6,61
4957,771,6,97
4958,100,3,80
4959,278,1,39
4960,393,1,93
4961,741,1,45
4962,619,9,6
4963,194,10,15
4964,850,10,25
4965,784,6,90
4966,426,10,57
4967,741,9,21
4968,796,6,36
4969,728,7,15
4970,667,8,38
4971,118,9,84
4972,50,1,72
4973,951,3,45
4974,234,4,57
4975,11,9,2
4976,929,1,4
4977,751,6,21
4978,881,10,96
4979,199,10,55
4980,459,7,83
4981,548,9,58
4982,792,8,31
4983,867,5,3
4984,618,9,40
4985,384,7,92
4986,641,5,13
4987,755,8,72
4988,649,2,27
4989,681,4,62
4990,659,3,73
4991,742,5,58
4992,938,1,66
4993,379,6,79
4994,39,2,23
4995,855,4,10
4996,842,6,64
4997,230,1,83
4998,267,10,51
4999,457,9,89
5000,282,5,58
