number,supplierID
001-936-916-8573x43463,22
(918)808-9500x10552,6
968.867.2311x0858,35
4689297163,49
272-742-6230x13077,28
(963)864-7199x303,46
+1-991-492-4950,7
+1-324-439-3169x2765,50
001-424-455-3000x49544,5
001-387-240-0783x863,31
3933854897,47
8327338737,45
001-424-242-2688x482,14
001-326-680-9793,16
(687)321-3423x4954,7
614-945-0446x35057,41
(249)623-6709x7761,34
+1-979-383-4460x1627,1
358-756-5630x2902,13
8053025516,18
(695)903-4811,3
001-597-332-5989x7655,13
355-454-9601x9518,44
995.243.5795x50703,18
001-373-250-1840,33
317-389-3126,15
+1-905-466-3978x9616,2
657-539-0724x447,9
232.322.2059,39
8034068607,34
631-338-3247,40
+1-718-613-4525,46
217.697.9785,30
+1-513-286-8785x32959,45
001-883-382-5437x572,28
(430)324-8066,4
342.670.5115x00290,10
+1-388-474-8787x99017,46
8434601904,47
(388)324-3605x09127,33
491.436.9112,26
001-680-531-5703x4281,26
001-485-434-7607x9637,40
(661)227-7294,4
+1-405-781-0127x5636,41
262-355-3091,41
+1-999-977-1761x78500,26
+1-480-786-5783x259,3
+1-754-569-8412x80970,36
(320)711-9696,34
230.287.4750x4475,34
865.263.3659,22
001-584-920-9708,26
803-462-0934x209,19
+1-728-301-2286,11
561.536.7503x895,4
320.211.4966,48
220.805.9291x0741,15
796-207-1313x13235,10
(901)971-8284,50
(600)810-9782,44
652.674.8937,49
971-646-2787x6676,4
4023698847,20
001-448-410-2902,11
969-604-7913x3857,5
(559)324-6186x2105,13
001-536-698-2621,20
+1-436-991-9915x55465,4
955.418.1005,33
(503)633-0242,22
518.639.1071,29
+1-584-467-4681x109,11
001-732-993-6248,16
401.452.8389,16
256.411.7061x728,23
255.235.7337,2
001-569-421-7050x748,18
001-846-250-1870x6440,33
782-996-7401x95618,20
509-652-2797,13
384.989.4553,18
(446)627-7250,13
7175905811,48
(748)344-3078x552,13
9277443690,43
425-586-3883x51283,3
(248)447-8290,26
960.820.8127,41
001-579-480-4688x2971,21
790-722-7631x4500,37
358.607.7826x939,18
475-992-9247,14
(688)681-8992x7431,19
557.916.1152,39
(974)879-2112x99560,18
+1-516-315-0518x4852,43
255-946-0507x423,35
+1-491-835-5991x71169,43
609.353.8087x16284,10
